Product,hazır,Week Number,Year
Product 2002,486.4,W45,2024
Product 1549,19.88,W45,2024
Product 1549,28.4,W45,2024
Product 1549,28.4,W45,2024
Product 1549,28.4,W45,2024
Product 1549,333.7,W45,2024
Product 1549,19.88,W45,2024
Product 1549,738.4,W45,2024
Product 1549,31.24,W45,2024
Product 1549,677.34,W45,2024
Product 1553,1.42,W45,2024
Product 1553,5.68,W45,2024
Product 1553,5.68,W45,2024
Product 1553,258.44,W45,2024
Product 1553,11.36,W45,2024
Product 1553,335.12,W45,2024
Product 1922,1945.6,W45,2024
Product 1924,409.6,W45,2024
Product 2119,432.0,W45,2024
Product 1554,22.72,W45,2024
Product 1554,25.56,W45,2024
Product 1554,28.4,W45,2024
Product 1554,34.08,W45,2024
Product 1554,313.82,W45,2024
Product 1554,391.92,W45,2024
Product 1749,47.52,W45,2024
Product 1749,1188.0,W45,2024
Product 1135,21.212,W45,2024
Product 1782,614.4,W45,2024
Product 14,100.0,W45,2024
Product 116,288.0,W45,2024
Product 116,288.0,W45,2024
Product 1555,184.6,W45,2024
Product 1555,221.52,W45,2024
Product 1555,221.52,W45,2024
Product 1555,258.44,W45,2024
Product 1555,258.44,W45,2024
Product 1555,258.44,W45,2024
Product 1555,26.98,W45,2024
Product 1555,1689.8,W45,2024
Product 1861,799.2,W45,2024
Product 1931,25.6,W45,2024
Product 1931,153.6,W45,2024
Product 1933,9.6,W45,2024
Product 1933,102.4,W45,2024
Product 1933,20.48,W45,2024
Product 1933,134.4,W45,2024
Product 1057,60.0,W45,2024
Product 1057,60.0,W45,2024
Product 1057,60.0,W45,2024
Product 1057,120.0,W45,2024
Product 1057,180.0,W45,2024
Product 1565,295.36,W45,2024
Product 1565,553.8,W45,2024
Product 1565,996.84,W45,2024
Product 1566,147.68,W45,2024
Product 1566,147.68,W45,2024
Product 1566,184.6,W45,2024
Product 1566,184.6,W45,2024
Product 1566,221.52,W45,2024
Product 1555,7.1,W45,2024
Product 1555,14.2,W45,2024
Product 1555,5.68,W45,2024
Product 1555,19.88,W45,2024
Product 1555,103.66,W45,2024
Product 13,200.0,W45,2024
Product 2100,1036.8,W45,2024
Product 1555,302.46,W45,2024
Product 1555,1292.2,W45,2024
Product 1555,8.52,W45,2024
Product 1555,14.2,W45,2024
Product 1555,231.46,W45,2024
Product 326,19.44,W45,2024
Product 326,4.32,W45,2024
Product 240,198.0,W45,2024
Product 278,4838.4,W45,2024
Product 1911,889.6,W45,2024
Product 1859,669.6,W45,2024
Product 1859,86.4,W45,2024
Product 1860,583.2,W45,2024
Product 1860,7.2,W45,2024
Product 241,990.0,W45,2024
Product 240,198.0,W45,2024
Product 239,1716.0,W45,2024
Product 1553,7.1,W45,2024
Product 1553,18.46,W45,2024
Product 1553,4.26,W45,2024
Product 1553,28.4,W45,2024
Product 1553,35.5,W45,2024
Product 1553,258.44,W45,2024
Product 1553,258.44,W45,2024
Product 1553,627.64,W45,2024
Product 1553,28.4,W45,2024
Product 698,1.008,W45,2024
Product 51,960.0,W45,2024
Product 24,96.0,W45,2024
Product 1413,2505.6,W45,2024
Product 1006,2030.4,W45,2024
Product 872,60.0,W45,2024
Product 872,180.0,W45,2024
Product 872,240.0,W45,2024
Product 872,240.0,W45,2024
Product 1555,1033.76,W45,2024
Product 1475,390.0,W45,2024
Product 1499,78.0,W45,2024
Product 1499,156.0,W45,2024
Product 1499,1248.0,W45,2024
Product 1499,78.0,W45,2024
Product 822,1209.6,W45,2024
Product 1420,1987.2,W45,2024
Product 1431,2030.4,W45,2024
Product 1413,2030.4,W45,2024
Product 1024,43.2,W45,2024
Product 1024,43.2,W45,2024
Product 1024,43.2,W45,2024
Product 1304,950.4,W45,2024
Product 1081,216.0,W45,2024
Product 1081,216.0,W45,2024
Product 1697,43.2,W45,2024
Product 1014,1555.2,W45,2024
Product 1235,691.2,W45,2024
Product 1228,518.4,W45,2024
Product 517,362.88,W45,2024
Product 517,604.8,W45,2024
Product 1933,588.8,W45,2024
Product 1933,1433.6,W45,2024
Product 2322,12.0,W45,2024
Product 67,276.48,W45,2024
Product 394,544.32,W45,2024
Product 136,1987.2,W45,2024
Product 139,864.0,W45,2024
Product 140,1814.4,W45,2024
Product 141,777.6,W45,2024
Product 142,820.8,W45,2024
Product 142,18.9,W45,2024
Product 142,302.4,W45,2024
Product 143,345.6,W45,2024
Product 1417,43.2,W45,2024
Product 1071,950.4,W45,2024
Product 1426,302.4,W45,2024
Product 1935,129.6,W45,2024
Product 1913,46.08,W45,2024
Product 1852,64.8,W45,2024
Product 1852,561.6,W45,2024
Product 327,259.2,W45,2024
Product 328,259.2,W45,2024
Product 329,259.2,W45,2024
Product 330,259.2,W45,2024
Product 1665,51.84,W45,2024
Product 1667,362.88,W45,2024
Product 1667,51.84,W45,2024
Product 1585,604.8,W45,2024
Product 1703,907.2,W45,2024
Product 1834,358.4,W45,2024
Product 1835,409.6,W45,2024
Product 1836,1075.2,W45,2024
Product 892,41.998,W45,2024
Product 698,0.216,W45,2024
Product 697,1.008,W45,2024
Product 1697,129.6,W45,2024
Product 708,86.4,W45,2024
Product 1233,216.0,W45,2024
Product 1026,475.2,W45,2024
Product 1026,43.2,W45,2024
Product 235,1451.52,W45,2024
Product 235,2695.68,W45,2024
Product 1553,36.92,W45,2024
Product 1553,110.76,W45,2024
Product 1553,184.6,W45,2024
Product 1553,184.6,W45,2024
Product 1553,221.52,W45,2024
Product 2232,78.0,W45,2024
Product 268,544.32,W45,2024
Product 273,37.8,W45,2024
Product 267,544.32,W45,2024
Product 271,40.32,W45,2024
Product 271,855.54,W45,2024
Product 269,11.34,W45,2024
Product 269,39.06,W45,2024
Product 269,1389.78,W45,2024
Product 274,302.4,W45,2024
Product 270,39.06,W45,2024
Product 273,209.16,W45,2024
Product 270,229.32,W45,2024
Product 272,544.32,W45,2024
Product 1051,24.0,W45,2024
Product 1481,234.0,W45,2024
Product 1481,42.0,W45,2024
Product 1481,74.0,W45,2024
Product 1487,220.0,W45,2024
Product 1483,37.0,W45,2024
Product 1483,313.0,W45,2024
Product 1481,160.0,W45,2024
Product 1048,30.0,W45,2024
Product 1363,691.2,W45,2024
Product 1837,102.4,W45,2024
Product 2387,234.0,W45,2024
Product 1361,648.0,W45,2024
Product 1362,864.0,W45,2024
Product 1364,432.0,W45,2024
Product 1206,43.2,W45,2024
Product 2089,259.2,W45,2024
Product 295,22.68,W45,2024
Product 295,8.64,W45,2024
Product 295,298.08,W45,2024
Product 26,192.0,W45,2024
Product 58,276.48,W45,2024
Product 698,0.36,W45,2024
Product 1997,43.2,W45,2024
Product 2221,312.0,W45,2024
Product 2232,234.0,W45,2024
Product 507,240.0,W45,2024
Product 507,420.0,W45,2024
Product 1559,369.2,W45,2024
Product 1559,959.92,W45,2024
Product 1558,73.84,W45,2024
Product 1558,73.84,W45,2024
Product 572,60.48,W45,2024
Product 572,362.88,W45,2024
Product 573,60.48,W45,2024
Product 573,120.96,W45,2024
Product 574,544.32,W45,2024
Product 576,181.44,W45,2024
Product 576,362.88,W45,2024
Product 583,60.48,W45,2024
Product 582,362.88,W45,2024
Product 592,60.48,W45,2024
Product 594,60.48,W45,2024
Product 594,423.36,W45,2024
Product 577,120.96,W45,2024
Product 577,423.36,W45,2024
Product 1386,302.4,W45,2024
Product 1347,1044.0,W45,2024
Product 1229,259.2,W45,2024
Product 1245,518.4,W45,2024
Product 260,1.08,W45,2024
Product 260,19.44,W45,2024
Product 260,155.52,W45,2024
Product 348,181.44,W45,2024
Product 1407,475.2,W45,2024
Product 1408,302.4,W45,2024
Product 1409,302.4,W45,2024
Product 1410,561.6,W45,2024
Product 1369,345.6,W45,2024
Product 1370,216.0,W45,2024
Product 1371,388.8,W45,2024
Product 1372,302.4,W45,2024
Product 1353,345.6,W45,2024
Product 1354,302.4,W45,2024
Product 1378,388.8,W45,2024
Product 1379,1036.8,W45,2024
Product 1380,259.2,W45,2024
Product 1381,820.8,W45,2024
Product 1382,950.4,W45,2024
Product 2156,81.0,W45,2024
Product 2163,324.0,W45,2024
Product 2163,405.0,W45,2024
Product 516,362.88,W45,2024
Product 13,100.0,W45,2024
Product 58,69.12,W45,2024
Product 136,10.8,W45,2024
Product 139,10.8,W45,2024
Product 603,21.0,W45,2024
Product 1371,5.76,W45,2024
Product 1372,5.76,W45,2024
Product 1377,5.76,W45,2024
Product 1378,5.76,W45,2024
Product 1380,10.08,W45,2024
Product 955,129.6,W45,2024
Product 955,172.8,W45,2024
Product 956,172.8,W45,2024
Product 956,172.8,W45,2024
Product 710,777.6,W45,2024
Product 710,302.4,W45,2024
Product 212,20.52,W45,2024
Product 507,60.0,W45,2024
Product 41,192.0,W45,2024
Product 50,96.0,W45,2024
Product 904,1944.0,W45,2024
Product 2156,81.0,W45,2024
Product 2165,81.0,W45,2024
Product 2205,2.0,W45,2024
Product 2205,294.0,W45,2024
Product 2226,234.0,W45,2024
Product 1731,322.56,W45,2024
Product 614,12.0,W45,2024
Product 1104,30.303,W45,2024
Product 603,31.5,W45,2024
Product 612,17.5,W45,2024
Product 612,25.5,W45,2024
Product 612,37.0,W45,2024
Product 510,99.6,W45,2024
Product 1145,60.0,W45,2024
Product 896,5.44,W45,2024
Product 896,43.52,W45,2024
Product 896,87.04,W45,2024
Product 896,18.36,W45,2024
Product 596,30.0,W45,2024
Product 599,5.0,W45,2024
Product 904,6004.8,W45,2024
Product 1030,1512.0,W45,2024
Product 905,20.16,W45,2024
Product 905,1176.48,W45,2024
Product 15,1152.0,W45,2024
Product 242,924.0,W45,2024
Product 277,3628.8,W45,2024
Product 516,302.4,W45,2024
Product 516,120.96,W45,2024
Product 962,86.4,W45,2024
Product 2155,162.0,W45,2024
Product 2155,648.0,W45,2024
Product 1553,701.48,W45,2024
Product 1553,1255.28,W45,2024
Product 1553,1070.68,W45,2024
Product 1212,216.0,W45,2024
Product 341,1028.16,W45,2024
Product 342,302.4,W45,2024
Product 340,483.84,W45,2024
Product 343,302.4,W45,2024
Product 175,1036.8,W45,2024
Product 177,460.8,W45,2024
Product 168,268.8,W45,2024
Product 477,230.4,W45,2024
Product 712,43.2,W45,2024
Product 712,518.4,W45,2024
Product 1821,33.28,W45,2024
Product 1821,15.36,W45,2024
Product 1833,204.8,W45,2024
Product 1077,518.4,W45,2024
Product 2226,78.0,W45,2024
Product 1633,172.8,W45,2024
Product 1634,950.4,W45,2024
Product 1635,1036.8,W45,2024
Product 1636,129.6,W45,2024
Product 1637,86.4,W45,2024
Product 1148,42.0,W45,2024
Product 1148,18.0,W45,2024
Product 2342,7.56,W45,2024
Product 622,32.0,W45,2024
Product 622,28.0,W45,2024
Product 631,49.0,W45,2024
Product 631,11.0,W45,2024
Product 1694,1.44,W45,2024
Product 31,192.0,W45,2024
Product 44,480.0,W45,2024
Product 55,576.0,W45,2024
Product 55,96.0,W45,2024
Product 241,66.0,W45,2024
Product 151,64.9,W45,2024
Product 151,79.2,W45,2024
Product 214,1451.52,W45,2024
Product 356,1399.68,W45,2024
Product 1543,11.52,W45,2024
Product 1205,1339.2,W45,2024
Product 516,7.56,W45,2024
Product 516,52.92,W45,2024
Product 2056,86.4,W45,2024
Product 962,648.0,W45,2024
Product 620,23.5,W45,2024
Product 1265,12.6,W45,2024
Product 1867,21.60000000000002,W45,2024
Product 905,1252.8,W45,2024
Product 1587,86.4,W45,2024
Product 2159,57.0,W45,2024
Product 2159,70.0,W45,2024
Product 1950,86.40000000000009,W45,2024
Product 72,827.52,W45,2024
Product 795,150.0,W45,2024
Product 795,605.0,W45,2024
Product 834,360.0,W45,2024
Product 834,360.0,W45,2024
Product 839,432.0,W45,2024
Product 839,345.6,W45,2024
Product 839,216.0,W45,2024
Product 2153,1360.0,W45,2024
Product 2153,60.0,W45,2024
Product 2153,560.0,W45,2024
Product 2153,73.0,W45,2024
Product 1862,453.6,W45,2024
Product 1863,345.6,W45,2024
Product 1923,358.4,W45,2024
Product 1921,537.6,W45,2024
Product 1931,384.0,W45,2024
Product 1931,51.2,W45,2024
Product 1926,281.6,W45,2024
Product 1749,47.52,W45,2024
Product 1859,151.2,W45,2024
Product 1910,370.56,W45,2024
Product 1549,36.92,W45,2024
Product 1613,129.6,W45,2024
Product 1613,345.6,W45,2024
Product 1008,1166.4,W45,2024
Product 2024,43.2,W45,2024
Product 2024,43.2,W45,2024
Product 2024,216.0,W45,2024
Product 2025,422.28,W45,2024
Product 2025,39.96,W45,2024
Product 2025,345.6,W45,2024
Product 2025,129.6,W45,2024
Product 2025,12.96,W45,2024
Product 2025,28.08,W45,2024
Product 2026,86.4,W45,2024
Product 2026,43.2,W45,2024
Product 2049,86.4,W45,2024
Product 2049,172.8,W45,2024
Product 2050,259.2,W45,2024
Product 2051,86.4,W45,2024
Product 2051,43.2,W45,2024
Product 2097,129.6,W45,2024
Product 2097,129.6,W45,2024
Product 2098,86.4,W45,2024
Product 1931,332.8,W45,2024
Product 1933,87.68,W45,2024
Product 848,120.0,W45,2024
Product 848,300.0,W45,2024
Product 1938,299.52,W45,2024
Product 1938,1244.16,W45,2024
Product 744,13.2,W45,2024
Product 744,10.8,W45,2024
Product 744,240.0,W45,2024
Product 1057,720.0,W45,2024
Product 1058,600.0,W45,2024
Product 1058,120.0,W45,2024
Product 1058,480.0,W45,2024
Product 1565,73.84,W45,2024
Product 1565,516.88,W45,2024
Product 1565,36.92,W45,2024
Product 1566,258.44,W45,2024
Product 1566,738.4,W45,2024
Product 1566,590.72,W45,2024
Product 1316,172.8,W45,2024
Product 1317,43.2,W45,2024
Product 1318,1036.8,W45,2024
Product 2168,567.0,W45,2024
Product 2168,162.0,W45,2024
Product 2168,41.0,W45,2024
Product 2168,53.0,W45,2024
Product 2168,486.0,W45,2024
Product 1807,486.4,W45,2024
Product 1599,518.4,W45,2024
Product 1841,504.0,W45,2024
Product 1839,12.96,W45,2024
Product 1839,491.04,W45,2024
Product 1288,950.4,W45,2024
Product 1931,576.0,W45,2024
Product 1933,510.08,W45,2024
Product 1933,65.92,W45,2024
Product 1014,18.36,W45,2024
Product 1014,953.64,W45,2024
Product 1288,432.0,W45,2024
Product 1866,576.0,W45,2024
Product 1865,17.28,W45,2024
Product 1865,558.72,W45,2024
Product 1863,14.4,W45,2024
Product 1863,561.6,W45,2024
Product 1859,1080.0,W45,2024
Product 1860,1080.0,W45,2024
Product 1861,1080.0,W45,2024
Product 356,1010.88,W45,2024
Product 311,30.24,W45,2024
Product 311,617.76,W45,2024
Product 960,15.12,W45,2024
Product 960,956.88,W45,2024
Product 1920,576.0,W45,2024
Product 1922,12.8,W45,2024
Product 1922,563.2,W45,2024
Product 1921,5.12,W45,2024
Product 1921,570.88,W45,2024
Product 1909,576.0,W45,2024
Product 1910,576.0,W45,2024
Product 1911,22.4,W45,2024
Product 1911,553.6,W45,2024
Product 955,993.6,W45,2024
Product 955,993.6,W45,2024
Product 956,475.2,W45,2024
Product 956,691.2,W45,2024
Product 957,734.4,W45,2024
Product 957,1425.6,W45,2024
Product 958,432.0,W45,2024
Product 958,1123.2,W45,2024
Product 315,1140.48,W45,2024
Product 279,716.94,W45,2024
Product 1055,600.0,W45,2024
Product 1055,600.0,W45,2024
Product 1055,840.0,W45,2024
Product 1055,900.0,W45,2024
Product 1055,1200.0,W45,2024
Product 279,1938.0,W45,2024
Product 1055,900.0,W45,2024
Product 1055,1260.0,W45,2024
Product 1055,1200.0,W45,2024
Product 1055,240.0,W45,2024
Product 1055,1500.0,W45,2024
Product 1055,2460.0,W45,2024
Product 1055,1860.0,W45,2024
Product 1286,388.8,W45,2024
Product 347,2116.8,W45,2024
Product 1016,43.2,W45,2024
Product 1016,7.56,W45,2024
Product 1016,489.24,W45,2024
Product 1015,32.4,W45,2024
Product 1015,939.6,W45,2024
Product 1014,950.4,W45,2024
Product 1014,950.4,W45,2024
Product 1013,950.4,W45,2024
Product 1013,950.4,W45,2024
Product 1322,950.4,W45,2024
Product 1027,144.0,W45,2024
Product 962,32.4,W45,2024
Product 1289,4.32,W45,2024
Product 1287,1.44,W45,2024
Product 347,829.44,W45,2024
Product 347,2799.36,W45,2024
Product 1808,576.0,W45,2024
Product 279,28.98,W45,2024
Product 279,1512.0,W45,2024
Product 1806,576.0,W45,2024
Product 347,22.68,W45,2024
Product 278,32.76,W45,2024
Product 279,39.06,W45,2024
Product 1013,388.8,W45,2024
Product 311,518.4,W45,2024
Product 311,2.16,W45,2024
Product 311,19.44,W45,2024
Product 1322,288.0,W45,2024
Product 1027,432.0,W45,2024
Product 325,531.36,W45,2024
Product 325,8.64,W45,2024
Product 1807,282.24,W45,2024
Product 1766,8.64,W45,2024
Product 1766,10.8,W45,2024
Product 1767,19.44,W45,2024
Product 1840,504.0,W45,2024
Product 1765,14.4,W45,2024
Product 1862,576.0,W45,2024
Product 1864,576.0,W45,2024
Product 347,120.96,W45,2024
Product 278,37.8,W45,2024
Product 278,839.16,W45,2024
Product 278,1529.64,W45,2024
Product 356,177.12,W45,2024
Product 1016,432.0,W45,2024
Product 1015,963.36,W45,2024
Product 1015,8.64,W45,2024
Product 325,648.0,W45,2024
Product 1923,563.2,W45,2024
Product 1923,12.8,W45,2024
Product 1286,10.08,W45,2024
Product 326,1140.48,W45,2024
Product 2013,129.6,W45,2024
Product 2106,648.0,W45,2024
Product 368,518.4,W45,2024
Product 366,673.92,W45,2024
Product 471,1607.04,W45,2024
Product 1953,168.0,W45,2024
Product 16,384.0,W45,2024
Product 38,480.0,W45,2024
Product 365,881.28,W45,2024
Product 533,432.0,W45,2024
,486.4,W44,2024
Product 1549,28.4,W44,2024
Product 1549,28.4,W44,2024
Product 1549,28.4,W44,2024
Product 1549,35.5,W44,2024
Product 1549,333.7,W44,2024
Product 1549,19.88,W44,2024
Product 1549,738.4,W44,2024
Product 1549,31.24,W44,2024
Product 1549,661.72,W44,2024
Product 1553,1.42,W44,2024
Product 1553,5.68,W44,2024
Product 1553,5.68,W44,2024
Product 1553,258.44,W44,2024
Product 1553,11.36,W44,2024
Product 1553,335.12,W44,2024
Product 1922,1945.6,W44,2024
Product 1924,409.6,W44,2024
Product 2119,432.0,W44,2024
Product 1554,22.72,W44,2024
Product 1554,25.56,W44,2024
Product 1554,28.4,W44,2024
Product 1554,34.08,W44,2024
Product 1554,313.82,W44,2024
Product 1554,391.92,W44,2024
Product 1749,47.52,W44,2024
Product 1749,1188.0,W44,2024
Product 1135,21.212,W44,2024
Product 1782,614.4,W44,2024
Product 14,100.0,W44,2024
Product 1555,184.6,W44,2024
Product 1555,221.52,W44,2024
Product 1555,221.52,W44,2024
Product 1555,258.44,W44,2024
Product 1555,258.44,W44,2024
Product 1555,258.44,W44,2024
Product 1555,26.98,W44,2024
Product 1555,1689.8,W44,2024
Product 1861,799.2,W44,2024
Product 1931,25.6,W44,2024
Product 1931,153.6,W44,2024
Product 1933,9.6,W44,2024
Product 1933,102.4,W44,2024
Product 1933,20.48,W44,2024
Product 1933,134.4,W44,2024
Product 1057,60.0,W44,2024
Product 1057,60.0,W44,2024
Product 1057,60.0,W44,2024
Product 1057,120.0,W44,2024
Product 1057,180.0,W44,2024
Product 1565,332.28,W44,2024
Product 1565,553.8,W44,2024
Product 1565,996.84,W44,2024
Product 1566,147.68,W44,2024
Product 1566,147.68,W44,2024
Product 1566,184.6,W44,2024
Product 1566,184.6,W44,2024
Product 1566,221.52,W44,2024
Product 1555,7.1,W44,2024
Product 1555,14.2,W44,2024
Product 1555,5.68,W44,2024
Product 1555,19.88,W44,2024
Product 1555,103.66,W44,2024
Product 13,200.0,W44,2024
Product 1349,216.0,W44,2024
Product 2100,1036.8,W44,2024
Product 1555,302.46,W44,2024
Product 1555,1292.2,W44,2024
Product 1555,8.52,W44,2024
Product 1555,14.2,W44,2024
Product 1555,231.46,W44,2024
Product 326,19.44,W44,2024
Product 326,4.32,W44,2024
Product 278,4838.4,W44,2024
Product 1911,998.4,W44,2024
Product 1859,669.6,W44,2024
Product 1859,86.4,W44,2024
Product 1860,583.2,W44,2024
Product 1860,7.2,W44,2024
Product 241,4950.0,W44,2024
Product 240,264.0,W44,2024
Product 239,132.0,W44,2024
Product 1553,7.1,W44,2024
Product 1553,18.46,W44,2024
Product 1553,4.26,W44,2024
Product 1553,28.4,W44,2024
Product 1553,35.5,W44,2024
Product 1553,258.44,W44,2024
Product 1553,258.44,W44,2024
Product 1553,627.64,W44,2024
Product 1553,28.4,W44,2024
Product 51,960.0,W44,2024
Product 58,414.72,W44,2024
Product 1413,2505.6,W44,2024
Product 1006,2030.4,W44,2024
Product 872,60.0,W44,2024
Product 872,180.0,W44,2024
Product 872,240.0,W44,2024
Product 872,240.0,W44,2024
Product 1555,1033.76,W44,2024
Product 1499,78.0,W44,2024
Product 1499,78.0,W44,2024
Product 1499,156.0,W44,2024
Product 1499,546.0,W44,2024
Product 1499,624.0,W44,2024
Product 1499,78.0,W44,2024
Product 822,1209.6,W44,2024
Product 1420,1987.2,W44,2024
Product 1431,2030.4,W44,2024
Product 1413,2030.4,W44,2024
Product 1024,43.2,W44,2024
Product 1024,43.2,W44,2024
Product 1024,43.2,W44,2024
Product 1417,43.2,W44,2024
Product 1014,1555.2,W44,2024
Product 1235,691.2,W44,2024
Product 1228,518.4,W44,2024
Product 517,362.88,W44,2024
Product 517,604.8,W44,2024
Product 1933,588.8,W44,2024
Product 1933,1433.6,W44,2024
Product 67,276.48,W44,2024
Product 394,544.32,W44,2024
Product 1071,950.4,W44,2024
Product 1426,86.4,W44,2024
Product 1935,129.6,W44,2024
Product 1852,64.8,W44,2024
Product 1852,561.6,W44,2024
Product 327,259.2,W44,2024
Product 328,259.2,W44,2024
Product 329,259.2,W44,2024
Product 330,259.2,W44,2024
Product 1665,51.84,W44,2024
Product 1667,362.88,W44,2024
Product 1667,51.84,W44,2024
Product 1585,604.8,W44,2024
Product 1703,907.2,W44,2024
Product 892,41.998,W44,2024
Product 1026,475.2,W44,2024
Product 1026,43.2,W44,2024
Product 235,1451.52,W44,2024
Product 235,2695.68,W44,2024
Product 1553,36.92,W44,2024
Product 1553,110.76,W44,2024
Product 1553,184.6,W44,2024
Product 1553,184.6,W44,2024
Product 1553,221.52,W44,2024
Product 2402,78.0,W44,2024
Product 516,1209.6,W44,2024
Product 268,544.32,W44,2024
Product 273,37.8,W44,2024
Product 267,544.32,W44,2024
Product 271,40.32,W44,2024
Product 271,855.54,W44,2024
Product 269,11.34,W44,2024
Product 269,39.06,W44,2024
Product 269,1389.78,W44,2024
Product 274,302.4,W44,2024
Product 270,39.06,W44,2024
Product 273,209.16,W44,2024
Product 270,229.32,W44,2024
Product 272,544.32,W44,2024
Product 1048,48.0,W44,2024
Product 1048,15.0,W44,2024
Product 1048,30.0,W44,2024
Product 1051,344.0,W44,2024
Product 1051,666.0,W44,2024
Product 1052,300.0,W44,2024
Product 1052,59.0,W44,2024
Product 1052,651.0,W44,2024
Product 1049,126.0,W44,2024
Product 2387,234.0,W44,2024
Product 295,22.68,W44,2024
Product 295,8.64,W44,2024
Product 295,298.08,W44,2024
Product 26,192.0,W44,2024
Product 58,138.24,W44,2024
Product 58,276.48,W44,2024
Product 1997,648.0,W44,2024
Product 1997,388.8,W44,2024
Product 2221,390.0,W44,2024
Product 2232,546.0,W44,2024
Product 507,240.0,W44,2024
Product 507,420.0,W44,2024
Product 870,27.6,W44,2024
Product 870,240.0,W44,2024
Product 870,13.2,W44,2024
Product 870,358.8,W44,2024
Product 1386,302.4,W44,2024
Product 1347,1044.0,W44,2024
Product 1229,259.2,W44,2024
Product 1245,518.4,W44,2024
Product 260,1.08,W44,2024
Product 260,19.44,W44,2024
Product 260,155.52,W44,2024
Product 348,120.96,W44,2024
Product 1407,475.2,W44,2024
Product 1408,302.4,W44,2024
Product 1409,950.4,W44,2024
Product 1410,993.6,W44,2024
Product 1369,345.6,W44,2024
Product 1370,216.0,W44,2024
Product 1371,388.8,W44,2024
Product 1372,302.4,W44,2024
Product 1353,345.6,W44,2024
Product 1354,302.4,W44,2024
Product 1378,388.8,W44,2024
Product 1379,1036.8,W44,2024
Product 1380,259.2,W44,2024
Product 1381,820.8,W44,2024
Product 1382,950.4,W44,2024
Product 516,17.64,W44,2024
Product 879,120.0,W44,2024
Product 879,480.0,W44,2024
Product 2156,81.0,W44,2024
Product 516,60.48,W44,2024
Product 516,120.96,W44,2024
Product 13,100.0,W44,2024
Product 58,69.12,W44,2024
Product 1371,5.76,W44,2024
Product 1377,5.76,W44,2024
Product 1378,5.76,W44,2024
Product 1380,10.08,W44,2024
Product 955,129.6,W44,2024
Product 955,172.8,W44,2024
Product 956,172.8,W44,2024
Product 956,172.8,W44,2024
Product 507,60.0,W44,2024
Product 41,192.0,W44,2024
Product 50,288.0,W44,2024
Product 2205,294.0,W44,2024
Product 1731,322.56,W44,2024
Product 1104,30.303,W44,2024
Product 612,17.5,W44,2024
Product 1145,60.0,W44,2024
Product 896,43.52,W44,2024
Product 896,87.04,W44,2024
Product 896,23.8,W44,2024
Product 596,30.0,W44,2024
Product 1030,1512.0,W44,2024
Product 777,234.0,W44,2024
Product 2221,78.0,W44,2024
Product 1625,43.2,W44,2024
Product 1553,701.48,W44,2024
Product 1553,1255.28,W44,2024
Product 1553,1070.68,W44,2024
Product 1550,221.52,W44,2024
Product 1212,216.0,W44,2024
Product 340,907.2,W44,2024
Product 341,1149.12,W44,2024
Product 342,423.36,W44,2024
Product 343,423.36,W44,2024
Product 175,1036.8,W44,2024
Product 177,499.2,W44,2024
Product 168,691.2,W44,2024
Product 1077,518.4,W44,2024
Product 1632,172.8,W44,2024
Product 44,192.0,W44,2024
Product 55,96.0,W44,2024
Product 241,2134.0,W44,2024
Product 151,355.3,W44,2024
Product 151,64.9,W44,2024
Product 214,1451.52,W44,2024
Product 516,7.56,W44,2024
Product 72,827.52,W44,2024
Product 795,150.0,W44,2024
Product 795,605.0,W44,2024
Product 834,360.0,W44,2024
Product 834,360.0,W44,2024
Product 839,432.0,W44,2024
Product 839,345.6,W44,2024
Product 839,216.0,W44,2024
Product 2153,1360.0,W44,2024
Product 2153,60.0,W44,2024
Product 2153,560.0,W44,2024
Product 2153,73.0,W44,2024
Product 1862,453.6,W44,2024
Product 1863,345.6,W44,2024
Product 1923,358.4,W44,2024
Product 1921,537.6,W44,2024
Product 1931,384.0,W44,2024
Product 1931,51.2,W44,2024
Product 1926,281.6,W44,2024
Product 1749,47.52,W44,2024
Product 1859,151.2,W44,2024
Product 1910,370.56,W44,2024
Product 1549,36.92,W44,2024
Product 1613,129.6,W44,2024
Product 1613,345.6,W44,2024
Product 1008,1166.4,W44,2024
Product 2024,43.2,W44,2024
Product 2024,43.2,W44,2024
Product 2024,216.0,W44,2024
Product 2025,422.28,W44,2024
Product 2025,39.96,W44,2024
Product 2025,345.6,W44,2024
Product 2025,129.6,W44,2024
Product 2025,12.96,W44,2024
Product 2025,28.08,W44,2024
Product 2026,86.4,W44,2024
Product 2026,43.2,W44,2024
Product 2049,86.4,W44,2024
Product 2049,172.8,W44,2024
Product 2050,259.2,W44,2024
Product 2051,86.4,W44,2024
Product 2051,43.2,W44,2024
Product 2097,129.6,W44,2024
Product 2097,129.6,W44,2024
Product 2098,86.4,W44,2024
Product 1931,332.8,W44,2024
Product 1933,87.68,W44,2024
Product 848,120.0,W44,2024
Product 848,300.0,W44,2024
Product 1938,299.52,W44,2024
Product 1938,1244.16,W44,2024
Product 744,13.2,W44,2024
Product 744,10.8,W44,2024
Product 744,240.0,W44,2024
Product 1057,720.0,W44,2024
Product 1058,600.0,W44,2024
Product 1058,120.0,W44,2024
Product 1058,480.0,W44,2024
Product 1565,73.84,W44,2024
Product 1565,516.88,W44,2024
Product 1565,36.92,W44,2024
Product 1566,258.44,W44,2024
Product 1566,738.4,W44,2024
Product 1566,590.72,W44,2024
Product 1316,172.8,W44,2024
Product 1317,43.2,W44,2024
Product 1318,1036.8,W44,2024
Product 2168,567.0,W44,2024
Product 2168,162.0,W44,2024
Product 2168,41.0,W44,2024
Product 2168,53.0,W44,2024
Product 2168,486.0,W44,2024
Product 1807,486.4,W44,2024
Product 1599,518.4,W44,2024
Product 1841,504.0,W44,2024
Product 1839,12.96,W44,2024
Product 1839,491.04,W44,2024
Product 1288,950.4,W44,2024
Product 1931,576.0,W44,2024
Product 1933,510.08,W44,2024
Product 1933,65.92,W44,2024
Product 1014,18.36,W44,2024
Product 1014,953.64,W44,2024
Product 1288,432.0,W44,2024
Product 1866,576.0,W44,2024
Product 1865,17.28,W44,2024
Product 1865,558.72,W44,2024
Product 1863,14.4,W44,2024
Product 1863,561.6,W44,2024
Product 1859,1080.0,W44,2024
Product 1860,1080.0,W44,2024
Product 1861,1080.0,W44,2024
Product 356,1010.88,W44,2024
Product 311,30.24,W44,2024
Product 311,617.76,W44,2024
Product 960,15.12,W44,2024
Product 960,956.88,W44,2024
Product 1920,576.0,W44,2024
Product 1922,12.8,W44,2024
Product 1922,563.2,W44,2024
Product 1921,5.12,W44,2024
Product 1921,570.88,W44,2024
Product 1909,576.0,W44,2024
Product 1910,576.0,W44,2024
Product 1911,22.4,W44,2024
Product 1911,553.6,W44,2024
Product 955,993.6,W44,2024
Product 955,993.6,W44,2024
Product 956,475.2,W44,2024
Product 956,691.2,W44,2024
Product 957,734.4,W44,2024
Product 957,1425.6,W44,2024
Product 958,432.0,W44,2024
Product 958,1123.2,W44,2024
Product 315,1140.48,W44,2024
Product 279,716.94,W44,2024
Product 277,5670.0,W44,2024
Product 1055,840.0,W44,2024
Product 1055,1260.0,W44,2024
Product 1055,1200.0,W44,2024
Product 1055,240.0,W44,2024
Product 1055,1500.0,W44,2024
Product 1055,2760.0,W44,2024
Product 1055,4200.0,W44,2024
Product 279,1938.0,W44,2024
Product 1055,600.0,W44,2024
Product 1055,600.0,W44,2024
Product 1055,900.0,W44,2024
Product 1055,2460.0,W44,2024
Product 1286,388.8,W44,2024
Product 347,2116.8,W44,2024
Product 1016,43.2,W44,2024
Product 1016,7.56,W44,2024
Product 1016,489.24,W44,2024
Product 1015,32.4,W44,2024
Product 1015,939.6,W44,2024
Product 1014,950.4,W44,2024
Product 1014,950.4,W44,2024
Product 1013,950.4,W44,2024
Product 1013,950.4,W44,2024
Product 1322,950.4,W44,2024
Product 1027,144.0,W44,2024
Product 962,32.4,W44,2024
Product 1289,4.32,W44,2024
Product 347,829.44,W44,2024
Product 347,2799.36,W44,2024
Product 1808,576.0,W44,2024
Product 279,28.98,W44,2024
Product 279,1512.0,W44,2024
Product 1806,576.0,W44,2024
Product 347,22.68,W44,2024
Product 278,32.76,W44,2024
Product 279,39.06,W44,2024
Product 1013,388.8,W44,2024
Product 311,518.4,W44,2024
Product 311,2.16,W44,2024
Product 311,19.44,W44,2024
Product 1322,288.0,W44,2024
Product 1027,432.0,W44,2024
Product 325,531.36,W44,2024
Product 325,8.64,W44,2024
Product 1807,282.24,W44,2024
Product 1766,8.64,W44,2024
Product 1766,10.8,W44,2024
Product 1767,19.44,W44,2024
Product 1840,504.0,W44,2024
Product 1765,14.4,W44,2024
Product 1862,576.0,W44,2024
Product 1864,576.0,W44,2024
Product 347,120.96,W44,2024
Product 278,37.8,W44,2024
Product 278,839.16,W44,2024
Product 278,1529.64,W44,2024
Product 356,177.12,W44,2024
Product 1016,432.0,W44,2024
Product 1015,963.36,W44,2024
Product 1015,8.64,W44,2024
Product 325,648.0,W44,2024
Product 1923,563.2,W44,2024
Product 1923,12.8,W44,2024
Product 1286,10.08,W44,2024
Product 326,1140.48,W44,2024
Product 2013,129.6,W44,2024
Product 2106,648.0,W44,2024
Product 471,1607.04,W44,2024
Product 16,384.0,W44,2024
Product 38,480.0,W44,2024
Product 2121,1036.8,W44,2024
Product 533,432.0,W44,2024
Product 2002,486.4,W41,2024
Product 1549,1.42,W41,2024
Product 1549,14.2,W41,2024
Product 1549,17.04,W41,2024
Product 1549,19.88,W41,2024
Product 1549,28.4,W41,2024
Product 1549,28.4,W41,2024
Product 1549,28.4,W41,2024
Product 1549,35.5,W41,2024
Product 1553,24.14,W41,2024
Product 1553,5.68,W41,2024
Product 1553,258.44,W41,2024
Product 1553,11.36,W41,2024
Product 1553,318.08,W41,2024
Product 1922,1945.6,W41,2024
Product 1924,409.6,W41,2024
Product 1749,47.52,W41,2024
Product 1749,1188.0,W41,2024
Product 1135,21.212,W41,2024
Product 1871,172.8,W41,2024
Product 1782,614.4,W41,2024
Product 14,1000.0,W41,2024
Product 1555,184.6,W41,2024
Product 1555,221.52,W41,2024
Product 1555,221.52,W41,2024
Product 1555,258.44,W41,2024
Product 1555,258.44,W41,2024
Product 1555,258.44,W41,2024
Product 1555,2289.04,W41,2024
Product 1861,799.2,W41,2024
Product 1871,2008.8,W41,2024
Product 1931,25.6,W41,2024
Product 1931,153.6,W41,2024
Product 1933,102.4,W41,2024
Product 1933,230.4,W41,2024
Product 1057,60.0,W41,2024
Product 1057,60.0,W41,2024
Product 1057,60.0,W41,2024
Product 1057,120.0,W41,2024
Product 1057,180.0,W41,2024
Product 1565,332.28,W41,2024
Product 1565,553.8,W41,2024
Product 1565,996.84,W41,2024
Product 1566,147.68,W41,2024
Product 1566,147.68,W41,2024
Product 1566,184.6,W41,2024
Product 1566,184.6,W41,2024
Product 1566,221.52,W41,2024
Product 1555,7.1,W41,2024
Product 1555,14.2,W41,2024
Product 1555,5.68,W41,2024
Product 1555,19.88,W41,2024
Product 1555,103.66,W41,2024
Product 13,200.0,W41,2024
Product 2100,1036.8,W41,2024
Product 1555,302.46,W41,2024
Product 1555,1292.2,W41,2024
Product 1555,8.52,W41,2024
Product 1555,14.2,W41,2024
Product 1555,231.46,W41,2024
Product 2321,72.0,W41,2024
Product 326,19.44,W41,2024
Product 326,4.32,W41,2024
Product 278,4838.4,W41,2024
Product 1911,998.4,W41,2024
Product 1859,669.6,W41,2024
Product 1859,756.0,W41,2024
Product 1860,583.2,W41,2024
Product 1860,518.4,W41,2024
Product 996,1900.8,W41,2024
Product 1553,1.42,W41,2024
Product 1553,5.68,W41,2024
Product 1553,7.1,W41,2024
Product 1553,18.46,W41,2024
Product 1553,4.26,W41,2024
Product 1553,35.5,W41,2024
Product 1553,221.52,W41,2024
Product 1553,258.44,W41,2024
Product 1553,714.26,W41,2024
Product 1,200.0,W41,2024
Product 58,414.72,W41,2024
Product 1413,2505.6,W41,2024
Product 1006,2030.4,W41,2024
Product 872,60.0,W41,2024
Product 872,180.0,W41,2024
Product 872,240.0,W41,2024
Product 872,240.0,W41,2024
Product 1555,1033.76,W41,2024
Product 2323,792.0,W41,2024
Product 1499,78.0,W41,2024
Product 1499,78.0,W41,2024
Product 1499,156.0,W41,2024
Product 1499,546.0,W41,2024
Product 1499,624.0,W41,2024
Product 1499,78.0,W41,2024
Product 822,1209.6,W41,2024
Product 1420,1987.2,W41,2024
Product 1431,2030.4,W41,2024
Product 1413,2030.4,W41,2024
Product 981,388.8,W41,2024
Product 1024,43.2,W41,2024
Product 1024,43.2,W41,2024
Product 1024,43.2,W41,2024
Product 1502,907.2,W41,2024
Product 905,1123.2,W41,2024
Product 1014,1555.2,W41,2024
Product 1235,691.2,W41,2024
Product 1228,518.4,W41,2024
Product 1661,36.0,W41,2024
Product 1663,7.2,W41,2024
Product 1663,23.04,W41,2024
Product 1663,44.64,W41,2024
Product 2017,216.0,W41,2024
Product 517,362.88,W41,2024
Product 517,604.8,W41,2024
Product 1933,512.0,W41,2024
Product 1933,1510.4,W41,2024
Product 2316,216.0,W41,2024
Product 2316,432.0,W41,2024
Product 509,120.0,W41,2024
Product 67,276.48,W41,2024
Product 394,544.32,W41,2024
Product 1758,92.16000000000004,W41,2024
Product 1071,950.4,W41,2024
Product 781,624.0,W41,2024
Product 1665,51.84,W41,2024
Product 1667,362.88,W41,2024
Product 1667,51.84,W41,2024
Product 1585,604.8,W41,2024
Product 1703,907.2,W41,2024
Product 892,41.998,W41,2024
Product 1026,475.2,W41,2024
Product 1026,43.2,W41,2024
Product 235,1451.52,W41,2024
Product 235,2695.68,W41,2024
Product 1553,110.76,W41,2024
Product 1553,184.6,W41,2024
Product 1553,184.6,W41,2024
Product 1553,221.52,W41,2024
Product 1553,36.92,W41,2024
Product 2402,78.0,W41,2024
Product 2316,288.0,W41,2024
Product 2316,360.0,W41,2024
Product 2323,576.0,W41,2024
Product 268,544.32,W41,2024
Product 273,246.96,W41,2024
Product 267,544.32,W41,2024
Product 271,40.32,W41,2024
Product 271,855.54,W41,2024
Product 269,1440.18,W41,2024
Product 274,544.3199999999999,W41,2024
Product 270,1368.36,W41,2024
Product 272,544.32,W41,2024
Product 2274,234.0,W41,2024
Product 2387,234.0,W41,2024
Product 295,22.68,W41,2024
Product 295,8.64,W41,2024
Product 295,298.08,W41,2024
Product 58,207.36,W41,2024
Product 58,207.36,W41,2024
Product 2277,624.0,W41,2024
Product 507,240.0,W41,2024
Product 507,420.0,W41,2024
Product 83,933.12,W41,2024
Product 525,43.19999999999999,W41,2024
Product 1386,302.4,W41,2024
Product 1245,518.4,W41,2024
Product 260,1.08,W41,2024
Product 260,19.44,W41,2024
Product 260,155.52,W41,2024
Product 58,69.12,W41,2024
Product 955,129.6,W41,2024
Product 955,172.8,W41,2024
Product 956,172.8,W41,2024
Product 956,172.8,W41,2024
Product 2307,53.0,W41,2024
Product 85,1036.8,W41,2024
Product 1731,322.56,W41,2024
Product 1104,30.303,W41,2024
Product 612,80.0,W41,2024
Product 1145,60.0,W41,2024
Product 896,9.52,W41,2024
Product 896,124.44,W41,2024
Product 596,30.0,W41,2024
Product 908,734.4,W41,2024
Product 1322,43.2,W41,2024
Product 905,43.20000000000005,W41,2024
Product 1030,1512.0,W41,2024
Product 1226,43.2,W41,2024
Product 1553,36.92,W41,2024
Product 1553,1255.28,W41,2024
Product 1212,216.0,W41,2024
Product 1764,129.5999999999999,W41,2024
Product 1765,43.20000000000005,W41,2024
Product 201,230.4,W41,2024
Product 1205,302.4,W41,2024
Product 1213,86.4,W41,2024
Product 1213,993.6,W41,2024
Product 995,216.0,W41,2024
Product 1016,259.2,W41,2024
Product 1877,432.0,W41,2024
Product 1221,259.2,W41,2024
Product 1231,518.4,W41,2024
Product 2018,561.6,W41,2024
Product 1077,518.4,W41,2024
Product 966,129.6,W41,2024
Product 966,129.6,W41,2024
Product 1637,43.2,W41,2024
Product 72,827.52,W41,2024
Product 795,150.0,W41,2024
Product 795,605.0,W41,2024
Product 834,360.0,W41,2024
Product 834,360.0,W41,2024
Product 839,432.0,W41,2024
Product 839,345.6,W41,2024
Product 839,216.0,W41,2024
Product 2153,1360.0,W41,2024
Product 2153,60.0,W41,2024
Product 2153,560.0,W41,2024
Product 2153,73.0,W41,2024
Product 1862,453.6,W41,2024
Product 1863,345.6,W41,2024
Product 1923,358.4,W41,2024
Product 1921,537.6,W41,2024
Product 1931,384.0,W41,2024
Product 1931,51.2,W41,2024
Product 1926,281.6,W41,2024
Product 1554,22.72,W41,2024
Product 1554,28.4,W41,2024
Product 1554,443.04,W41,2024
Product 1554,313.82,W41,2024
Product 1749,47.52,W41,2024
Product 1612,950.4,W41,2024
Product 1612,86.4,W41,2024
Product 1859,151.2,W41,2024
Product 1910,370.56,W41,2024
Product 1549,36.92,W41,2024
Product 1613,129.6,W41,2024
Product 1613,345.6,W41,2024
Product 1008,1166.4,W41,2024
Product 2024,43.2,W41,2024
Product 2024,43.2,W41,2024
Product 2024,216.0,W41,2024
Product 2025,422.28,W41,2024
Product 2025,39.96,W41,2024
Product 2025,345.6,W41,2024
Product 2025,129.6,W41,2024
Product 2025,12.96,W41,2024
Product 2025,28.08,W41,2024
Product 2026,86.4,W41,2024
Product 2026,43.2,W41,2024
Product 2049,86.4,W41,2024
Product 2049,172.8,W41,2024
Product 2050,259.2,W41,2024
Product 2051,86.4,W41,2024
Product 2051,43.2,W41,2024
Product 2097,129.6,W41,2024
Product 2097,129.6,W41,2024
Product 2098,86.4,W41,2024
Product 1551,369.2,W41,2024
Product 1551,1809.08,W41,2024
Product 1551,332.28,W41,2024
Product 1931,332.8,W41,2024
Product 1933,87.68,W41,2024
Product 848,120.0,W41,2024
Product 848,300.0,W41,2024
Product 1938,299.52,W41,2024
Product 1938,1244.16,W41,2024
Product 744,13.2,W41,2024
Product 744,10.8,W41,2024
Product 744,240.0,W41,2024
Product 1057,720.0,W41,2024
Product 1058,600.0,W41,2024
Product 1058,120.0,W41,2024
Product 1058,480.0,W41,2024
Product 1565,73.84,W41,2024
Product 1565,516.88,W41,2024
Product 1565,36.92,W41,2024
Product 1566,258.44,W41,2024
Product 1566,738.4,W41,2024
Product 1566,590.72,W41,2024
Product 1316,172.8,W41,2024
Product 1317,43.2,W41,2024
Product 1318,1036.8,W41,2024
Product 2168,567.0,W41,2024
Product 2168,162.0,W41,2024
Product 2168,41.0,W41,2024
Product 2168,53.0,W41,2024
Product 2168,486.0,W41,2024
Product 1807,486.4,W41,2024
Product 1599,518.4,W41,2024
Product 1016,7.56,W41,2024
Product 1016,43.2,W41,2024
Product 1016,489.24,W41,2024
Product 1015,32.4,W41,2024
Product 1015,939.6,W41,2024
Product 1014,950.4,W41,2024
Product 1014,950.4,W41,2024
Product 1013,950.4,W41,2024
Product 1013,950.4,W41,2024
Product 1322,950.4,W41,2024
Product 1027,144.0,W41,2024
Product 962,32.4,W41,2024
Product 962,939.6,W41,2024
Product 1768,576.0,W41,2024
Product 1770,576.0,W41,2024
Product 1867,576.0,W41,2024
Product 1289,950.4,W41,2024
Product 1288,950.4,W41,2024
Product 1287,950.4,W41,2024
Product 1841,504.0,W41,2024
Product 1839,12.96,W41,2024
Product 1839,491.04,W41,2024
Product 1288,950.4,W41,2024
Product 1931,576.0,W41,2024
Product 1933,510.08,W41,2024
Product 1933,65.92,W41,2024
Product 1014,18.36,W41,2024
Product 1014,953.64,W41,2024
Product 1288,432.0,W41,2024
Product 1866,576.0,W41,2024
Product 1865,17.28,W41,2024
Product 1865,558.72,W41,2024
Product 1863,14.4,W41,2024
Product 1863,561.6,W41,2024
Product 1871,1080.0,W41,2024
Product 1870,1080.0,W41,2024
Product 1848,1080.0,W41,2024
Product 1849,1080.0,W41,2024
Product 1850,1080.0,W41,2024
Product 1859,1080.0,W41,2024
Product 1860,1080.0,W41,2024
Product 1861,1080.0,W41,2024
Product 356,1010.88,W41,2024
Product 311,30.24,W41,2024
Product 311,617.76,W41,2024
Product 960,15.12,W41,2024
Product 960,956.88,W41,2024
Product 1920,576.0,W41,2024
Product 1922,12.8,W41,2024
Product 1922,563.2,W41,2024
Product 1921,5.12,W41,2024
Product 1921,570.88,W41,2024
Product 1909,576.0,W41,2024
Product 1910,576.0,W41,2024
Product 1911,22.4,W41,2024
Product 1911,553.6,W41,2024
Product 955,993.6,W41,2024
Product 955,993.6,W41,2024
Product 956,475.2,W41,2024
Product 956,691.2,W41,2024
Product 957,734.4,W41,2024
Product 957,1425.6,W41,2024
Product 958,432.0,W41,2024
Product 958,1123.2,W41,2024
Product 315,1140.48,W41,2024
Product 279,716.94,W41,2024
Product 277,5670.0,W41,2024
Product 1055,840.0,W41,2024
Product 1055,1260.0,W41,2024
Product 1055,1200.0,W41,2024
Product 1055,240.0,W41,2024
Product 1055,1500.0,W41,2024
Product 1055,2760.0,W41,2024
Product 1055,4200.0,W41,2024
Product 279,1938.0,W41,2024
Product 1055,600.0,W41,2024
Product 1055,600.0,W41,2024
Product 1055,900.0,W41,2024
Product 1055,2460.0,W41,2024
Product 1286,388.8,W41,2024
Product 347,2116.8,W41,2024
Product 1016,43.2,W41,2024
Product 1016,7.56,W41,2024
Product 1016,489.24,W41,2024
Product 1015,32.4,W41,2024
Product 1015,939.6,W41,2024
Product 1014,950.4,W41,2024
Product 1014,950.4,W41,2024
Product 1013,950.4,W41,2024
Product 1013,950.4,W41,2024
Product 1322,950.4,W41,2024
Product 1027,144.0,W41,2024
Product 962,32.4,W41,2024
Product 1289,4.32,W41,2024
Product 347,829.44,W41,2024
Product 347,2799.36,W41,2024
Product 1808,576.0,W41,2024
Product 279,28.98,W41,2024
Product 279,1512.0,W41,2024
Product 1806,576.0,W41,2024
Product 347,22.68,W41,2024
Product 278,32.76,W41,2024
Product 279,39.06,W41,2024
Product 1013,388.8,W41,2024
Product 311,518.4,W41,2024
Product 311,2.16,W41,2024
Product 311,19.44,W41,2024
Product 1322,288.0,W41,2024
Product 1027,432.0,W41,2024
Product 325,531.36,W41,2024
Product 325,8.64,W41,2024
Product 1807,282.24,W41,2024
Product 1766,8.64,W41,2024
Product 1766,10.8,W41,2024
Product 1767,19.44,W41,2024
Product 1840,504.0,W41,2024
Product 1765,14.4,W41,2024
Product 1862,576.0,W41,2024
Product 1864,576.0,W41,2024
Product 347,120.96,W41,2024
Product 278,37.8,W41,2024
Product 278,839.16,W41,2024
Product 278,1529.64,W41,2024
Product 356,177.12,W41,2024
Product 1016,432.0,W41,2024
Product 1015,963.36,W41,2024
Product 1015,8.64,W41,2024
Product 325,648.0,W41,2024
Product 1923,563.2,W41,2024
Product 1923,12.8,W41,2024
Product 1286,10.08,W41,2024
Product 326,1140.48,W41,2024
Product 2013,129.6,W41,2024
Product 2106,648.0,W41,2024
Product 411,311.04,W41,2024
Product 471,1607.04,W41,2024
Product 533,432.0,W41,2024
Product 2002,486.4,W39,2024
Product 1549,1.42,W39,2024
Product 1549,14.2,W39,2024
Product 1549,17.04,W39,2024
Product 1549,19.88,W39,2024
Product 1549,28.4,W39,2024
Product 1549,28.4,W39,2024
Product 1549,28.4,W39,2024
Product 1549,35.5,W39,2024
Product 1553,24.14,W39,2024
Product 1553,5.68,W39,2024
Product 1553,258.44,W39,2024
Product 1553,11.36,W39,2024
Product 1553,318.08,W39,2024
Product 1922,1945.6,W39,2024
Product 1924,409.6,W39,2024
Product 1749,47.52,W39,2024
Product 1749,1188.0,W39,2024
Product 1135,21.212,W39,2024
Product 1871,172.8,W39,2024
Product 1623,172.8,W39,2024
Product 1623,43.2,W39,2024
Product 1623,43.2,W39,2024
Product 1623,820.8,W39,2024
Product 1782,614.4,W39,2024
Product 1197,216.0,W39,2024
Product 2215,78.0,W39,2024
Product 2215,234.0,W39,2024
Product 1555,184.6,W39,2024
Product 1555,221.52,W39,2024
Product 1555,221.52,W39,2024
Product 1555,258.44,W39,2024
Product 1555,258.44,W39,2024
Product 1555,258.44,W39,2024
Product 1555,2289.04,W39,2024
Product 1861,799.2,W39,2024
Product 1871,2008.8,W39,2024
Product 1055,120.0,W39,2024
Product 1055,120.0,W39,2024
Product 1055,100.0,W39,2024
Product 1931,25.6,W39,2024
Product 1931,153.6,W39,2024
Product 1933,102.4,W39,2024
Product 1933,230.4,W39,2024
Product 1057,60.0,W39,2024
Product 1057,60.0,W39,2024
Product 1057,60.0,W39,2024
Product 1057,120.0,W39,2024
Product 1057,180.0,W39,2024
Product 1565,332.28,W39,2024
Product 1565,553.8,W39,2024
Product 1565,996.84,W39,2024
Product 1566,147.68,W39,2024
Product 1566,147.68,W39,2024
Product 1566,184.6,W39,2024
Product 1566,184.6,W39,2024
Product 1566,221.52,W39,2024
Product 1555,7.1,W39,2024
Product 1555,14.2,W39,2024
Product 1555,5.68,W39,2024
Product 1555,19.88,W39,2024
Product 1555,103.66,W39,2024
Product 13,200.0,W39,2024
Product 1196,604.8,W39,2024
Product 1384,216.0,W39,2024
Product 2100,1036.8,W39,2024
Product 1555,302.46,W39,2024
Product 1555,1292.2,W39,2024
Product 1555,8.52,W39,2024
Product 1555,14.2,W39,2024
Product 1555,231.46,W39,2024
Product 2323,72.0,W39,2024
Product 2323,72.0,W39,2024
Product 326,19.44,W39,2024
Product 326,4.32,W39,2024
Product 278,4838.4,W39,2024
Product 1911,998.4,W39,2024
Product 1859,669.6,W39,2024
Product 1859,756.0,W39,2024
Product 1860,583.2,W39,2024
Product 1860,518.4,W39,2024
Product 996,1900.8,W39,2024
Product 1553,1.42,W39,2024
Product 1553,5.68,W39,2024
Product 1553,7.1,W39,2024
Product 1553,18.46,W39,2024
Product 1553,4.26,W39,2024
Product 1553,35.5,W39,2024
Product 1553,221.52,W39,2024
Product 1553,258.44,W39,2024
Product 1553,714.26,W39,2024
Product 356,103.68,W39,2024
Product 13,400.0,W39,2024
Product 58,414.72,W39,2024
Product 1539,86.4,W39,2024
Product 1413,2505.6,W39,2024
Product 1006,2030.4,W39,2024
Product 872,60.0,W39,2024
Product 872,180.0,W39,2024
Product 872,240.0,W39,2024
Product 872,240.0,W39,2024
Product 1555,1033.76,W39,2024
Product 1499,78.0,W39,2024
Product 1499,78.0,W39,2024
Product 1499,156.0,W39,2024
Product 1499,546.0,W39,2024
Product 1499,624.0,W39,2024
Product 1499,78.0,W39,2024
Product 508,120.0,W39,2024
Product 508,240.0,W39,2024
Product 822,1330.56,W39,2024
Product 1420,1987.2,W39,2024
Product 1431,2030.4,W39,2024
Product 1413,2030.4,W39,2024
Product 1024,43.2,W39,2024
Product 1024,43.2,W39,2024
Product 1024,43.2,W39,2024
Product 1014,1555.2,W39,2024
Product 1235,691.2,W39,2024
Product 1228,518.4,W39,2024
Product 1661,36.0,W39,2024
Product 1663,7.2,W39,2024
Product 1663,23.04,W39,2024
Product 1663,44.64,W39,2024
Product 517,362.88,W39,2024
Product 517,604.8,W39,2024
Product 1931,25.6,W39,2024
Product 1931,332.8,W39,2024
Product 1931,768.0,W39,2024
Product 1933,512.0,W39,2024
Product 1933,1510.4,W39,2024
Product 2177,156.0,W39,2024
Product 2133,46.07999999999998,W39,2024
Product 508,360.0,W39,2024
Product 2260,360.0,W39,2024
Product 2260,72.0,W39,2024
Product 774,546.0,W39,2024
Product 2232,156.0,W39,2024
Product 2232,312.0,W39,2024
Product 67,276.48,W39,2024
Product 315,622.08,W39,2024
Product 394,544.32,W39,2024
Product 1759,11.52,W39,2024
Product 1071,950.4,W39,2024
Product 1204,432.0,W39,2024
Product 1847,237.6,W39,2024
Product 1912,9.6,W39,2024
Product 1912,25.6,W39,2024
Product 1913,46.08,W39,2024
Product 1914,23.68,W39,2024
Product 1914,19.84,W39,2024
Product 1916,7.68,W39,2024
Product 1916,20.48,W39,2024
Product 188,76.8,W39,2024
Product 1665,155.52,W39,2024
Product 1667,362.88,W39,2024
Product 1667,51.84,W39,2024
Product 1585,604.8,W39,2024
Product 1703,907.2,W39,2024
Product 964,388.8,W39,2024
Product 1932,281.6,W39,2024
Product 1932,179.2,W39,2024
Product 892,41.998,W39,2024
Product 1026,475.2,W39,2024
Product 1026,43.2,W39,2024
Product 1383,43.20000000000002,W39,2024
Product 235,1451.52,W39,2024
Product 235,2695.68,W39,2024
Product 1553,110.76,W39,2024
Product 1553,184.6,W39,2024
Product 1553,184.6,W39,2024
Product 1553,221.52,W39,2024
Product 1553,36.92,W39,2024
Product 2402,94.0,W39,2024
Product 2260,72.0,W39,2024
Product 2260,72.0,W39,2024
Product 2189,468.0,W39,2024
Product 2213,390.0,W39,2024
Product 871,60.0,W39,2024
Product 871,720.0,W39,2024
Product 268,544.32,W39,2024
Product 273,94.5,W39,2024
Product 267,544.32,W39,2024
Product 271,40.32,W39,2024
Product 271,855.54,W39,2024
Product 269,11.34,W39,2024
Product 269,39.06,W39,2024
Product 274,6.3,W39,2024
Product 270,11.34,W39,2024
Product 272,544.32,W39,2024
Product 1650,73.84,W39,2024
Product 2387,234.0,W39,2024
Product 295,22.68,W39,2024
Product 295,8.64,W39,2024
Product 295,298.08,W39,2024
Product 58,207.36,W39,2024
Product 58,207.36,W39,2024
Product 297,155.52,W39,2024
Product 235,1192.32,W39,2024
Product 280,241.9199999999998,W39,2024
Product 505,60.0,W39,2024
Product 774,78.0,W39,2024
Product 2225,156.0,W39,2024
Product 2221,78.0,W39,2024
Product 1383,86.4,W39,2024
Product 1386,302.4,W39,2024
Product 1287,172.8,W39,2024
Product 1245,518.4,W39,2024
Product 260,1.08,W39,2024
Product 260,19.44,W39,2024
Product 260,155.52,W39,2024
Product 280,55.44,W39,2024
Product 761,234.0,W39,2024
Product 58,69.12,W39,2024
Product 955,129.6,W39,2024
Product 955,172.8,W39,2024
Product 956,172.8,W39,2024
Product 956,172.8,W39,2024
Product 2228,78.0,W39,2024
Product 1287,172.8,W39,2024
Product 1807,51.2,W39,2024
Product 1104,30.303,W39,2024
Product 612,80.0,W39,2024
Product 1145,60.0,W39,2024
Product 896,9.52,W39,2024
Product 896,124.44,W39,2024
Product 596,30.0,W39,2024
Product 908,734.4,W39,2024
Product 1322,43.2,W39,2024
Product 1030,1512.0,W39,2024
Product 1226,43.2,W39,2024
Product 326,414.72,W39,2024
Product 304,103.68,W39,2024
Product 1553,36.92,W39,2024
Product 1553,1255.28,W39,2024
Product 1100,60.0,W39,2024
Product 1100,240.0,W39,2024
Product 1212,216.0,W39,2024
Product 1764,172.8,W39,2024
Product 1768,496.8,W39,2024
Product 1368,518.4,W39,2024
Product 1157,432.0,W39,2024
Product 72,827.52,W39,2024
Product 795,150.0,W39,2024
Product 795,605.0,W39,2024
Product 834,360.0,W39,2024
Product 834,360.0,W39,2024
Product 839,432.0,W39,2024
Product 839,345.6,W39,2024
Product 839,216.0,W39,2024
Product 2153,1360.0,W39,2024
Product 2153,60.0,W39,2024
Product 2153,560.0,W39,2024
Product 2153,73.0,W39,2024
Product 1862,453.6,W39,2024
Product 1863,345.6,W39,2024
Product 1923,358.4,W39,2024
Product 1921,537.6,W39,2024
Product 1931,384.0,W39,2024
Product 1931,51.2,W39,2024
Product 1926,281.6,W39,2024
Product 1554,22.72,W39,2024
Product 1554,28.4,W39,2024
Product 1554,443.04,W39,2024
Product 1554,322.34,W39,2024
Product 1749,47.52,W39,2024
Product 1612,950.4,W39,2024
Product 1612,86.4,W39,2024
Product 1859,151.2,W39,2024
Product 1910,370.56,W39,2024
Product 1549,36.92,W39,2024
Product 1613,129.6,W39,2024
Product 1613,345.6,W39,2024
Product 1008,1166.4,W39,2024
Product 2024,43.2,W39,2024
Product 2024,43.2,W39,2024
Product 2024,216.0,W39,2024
Product 2025,422.28,W39,2024
Product 2025,39.96,W39,2024
Product 2025,345.6,W39,2024
Product 2025,129.6,W39,2024
Product 2025,12.96,W39,2024
Product 2025,28.08,W39,2024
Product 2026,86.4,W39,2024
Product 2026,43.2,W39,2024
Product 2049,86.4,W39,2024
Product 2049,172.8,W39,2024
Product 2050,259.2,W39,2024
Product 2051,86.4,W39,2024
Product 2051,43.2,W39,2024
Product 2097,129.6,W39,2024
Product 2097,129.6,W39,2024
Product 2098,86.4,W39,2024
Product 1551,369.2,W39,2024
Product 1551,1809.08,W39,2024
Product 1551,332.28,W39,2024
Product 1931,332.8,W39,2024
Product 1933,87.68,W39,2024
Product 848,120.0,W39,2024
Product 848,300.0,W39,2024
Product 1938,299.52,W39,2024
Product 1938,1244.16,W39,2024
Product 744,13.2,W39,2024
Product 744,10.8,W39,2024
Product 744,240.0,W39,2024
Product 1057,720.0,W39,2024
Product 1058,600.0,W39,2024
Product 1058,120.0,W39,2024
Product 1058,480.0,W39,2024
Product 1565,73.84,W39,2024
Product 1565,516.88,W39,2024
Product 1565,36.92,W39,2024
Product 1566,258.44,W39,2024
Product 1566,738.4,W39,2024
Product 1566,590.72,W39,2024
Product 1316,172.8,W39,2024
Product 1317,43.2,W39,2024
Product 1318,1987.2,W39,2024
Product 2168,567.0,W39,2024
Product 2168,162.0,W39,2024
Product 2168,41.0,W39,2024
Product 2168,53.0,W39,2024
Product 2168,486.0,W39,2024
Product 1807,486.4,W39,2024
Product 1599,518.4,W39,2024
Product 1016,7.56,W39,2024
Product 1016,43.2,W39,2024
Product 1016,489.24,W39,2024
Product 1015,32.4,W39,2024
Product 1015,939.6,W39,2024
Product 1014,950.4,W39,2024
Product 1014,950.4,W39,2024
Product 1013,950.4,W39,2024
Product 1013,950.4,W39,2024
Product 1322,950.4,W39,2024
Product 1027,144.0,W39,2024
Product 962,32.4,W39,2024
Product 962,939.6,W39,2024
Product 1768,576.0,W39,2024
Product 1770,576.0,W39,2024
Product 1867,576.0,W39,2024
Product 1289,950.4,W39,2024
Product 1288,950.4,W39,2024
Product 1287,950.4,W39,2024
Product 1841,504.0,W39,2024
Product 1839,12.96,W39,2024
Product 1839,491.04,W39,2024
Product 1288,950.4,W39,2024
Product 1931,576.0,W39,2024
Product 1933,510.08,W39,2024
Product 1933,65.92,W39,2024
Product 348,2276.82,W39,2024
Product 1014,18.36,W39,2024
Product 1014,953.64,W39,2024
Product 1288,432.0,W39,2024
Product 1866,576.0,W39,2024
Product 1865,17.28,W39,2024
Product 1865,558.72,W39,2024
Product 1863,14.4,W39,2024
Product 1863,561.6,W39,2024
Product 1871,1080.0,W39,2024
Product 1870,1080.0,W39,2024
Product 1848,1080.0,W39,2024
Product 1849,1080.0,W39,2024
Product 1850,1080.0,W39,2024
Product 1859,1080.0,W39,2024
Product 1860,1080.0,W39,2024
Product 1861,1080.0,W39,2024
Product 356,1010.88,W39,2024
Product 311,30.24,W39,2024
Product 311,617.76,W39,2024
Product 1920,576.0,W39,2024
Product 1922,12.8,W39,2024
Product 1922,563.2,W39,2024
Product 1921,5.12,W39,2024
Product 1921,570.88,W39,2024
Product 1909,576.0,W39,2024
Product 1910,576.0,W39,2024
Product 1911,22.4,W39,2024
Product 1911,553.6,W39,2024
Product 955,993.6,W39,2024
Product 955,993.6,W39,2024
Product 956,475.2,W39,2024
Product 956,691.2,W39,2024
Product 957,734.4,W39,2024
Product 957,1425.6,W39,2024
Product 958,432.0,W39,2024
Product 958,1123.2,W39,2024
Product 315,1140.48,W39,2024
Product 279,716.94,W39,2024
Product 277,5670.0,W39,2024
Product 1055,600.0,W39,2024
Product 1055,1260.0,W39,2024
Product 1055,10140.0,W39,2024
Product 279,1938.0,W39,2024
Product 1055,2460.0,W39,2024
Product 1055,2760.0,W39,2024
Product 1055,600.0,W39,2024
Product 1055,840.0,W39,2024
Product 1055,900.0,W39,2024
Product 1055,1200.0,W39,2024
Product 1055,240.0,W39,2024
Product 1055,1500.0,W39,2024
Product 1286,388.8,W39,2024
Product 347,2116.8,W39,2024
Product 1016,43.2,W39,2024
Product 1016,7.56,W39,2024
Product 1016,489.24,W39,2024
Product 1015,32.4,W39,2024
Product 1015,939.6,W39,2024
Product 1014,950.4,W39,2024
Product 1014,950.4,W39,2024
Product 1013,950.4,W39,2024
Product 1013,950.4,W39,2024
Product 1322,950.4,W39,2024
Product 1027,144.0,W39,2024
Product 962,32.4,W39,2024
Product 1289,4.32,W39,2024
Product 347,829.44,W39,2024
Product 347,2799.36,W39,2024
Product 1808,576.0,W39,2024
Product 279,28.98,W39,2024
Product 279,1512.0,W39,2024
Product 1806,576.0,W39,2024
Product 348,41.58,W39,2024
Product 347,22.68,W39,2024
Product 278,32.76,W39,2024
Product 279,39.06,W39,2024
Product 1013,388.8,W39,2024
Product 311,518.4,W39,2024
Product 311,2.16,W39,2024
Product 311,19.44,W39,2024
Product 1322,288.0,W39,2024
Product 1027,432.0,W39,2024
Product 325,531.36,W39,2024
Product 325,8.64,W39,2024
Product 1807,282.24,W39,2024
Product 1766,8.64,W39,2024
Product 1766,10.8,W39,2024
Product 1767,19.44,W39,2024
Product 1840,504.0,W39,2024
Product 1765,14.4,W39,2024
Product 1862,576.0,W39,2024
Product 1864,576.0,W39,2024
Product 347,35.28,W39,2024
Product 347,423.36,W39,2024
Product 278,37.8,W39,2024
Product 278,839.16,W39,2024
Product 278,1529.64,W39,2024
Product 356,177.12,W39,2024
Product 1016,432.0,W39,2024
Product 1015,963.36,W39,2024
Product 1015,8.64,W39,2024
Product 325,648.0,W39,2024
Product 1923,563.2,W39,2024
Product 1923,12.8,W39,2024
Product 326,1140.48,W39,2024
Product 2013,129.6,W39,2024
Product 2106,1598.4,W39,2024
Product 2134,1244.16,W39,2024
Product 471,1607.04,W39,2024
Product 533,432.0,W39,2024
