ProductId,WeekId,Year,readyQty
Product 1,W41,2024,200.0
Product 1,W49,2024,100.0
Product 1006,W39,2024,2030.4
Product 1006,W41,2024,2030.4
Product 1006,W44,2024,2030.4
Product 1006,W45,2024,2030.4
Product 1006,W47,2024,2030.4
Product 1006,W48,2024,2030.4
Product 1006,W49,2024,2030.4
Product 1008,W39,2024,1166.4
Product 1008,W41,2024,1166.4
Product 1008,W44,2024,1166.4
Product 1008,W45,2024,1166.4
Product 1008,W47,2024,1166.4
Product 1008,W48,2024,1166.4
Product 1008,W49,2024,1166.4
Product 1013,W39,2024,4190.4
Product 1013,W41,2024,4190.4
Product 1013,W44,2024,2289.6
Product 1013,W45,2024,2289.6
Product 1013,W47,2024,2332.8
Product 1013,W48,2024,2332.8
Product 1013,W49,2024,2332.8
Product 1014,W39,2024,6328.8
Product 1014,W41,2024,6328.8
Product 1014,W44,2024,4428.0
Product 1014,W45,2024,4428.0
Product 1014,W47,2024,4057.56
Product 1014,W48,2024,5076.0
Product 1014,W49,2024,5076.0
Product 1015,W39,2024,2916.0
Product 1015,W41,2024,2916.0
Product 1015,W44,2024,1944.0
Product 1015,W45,2024,1944.0
Product 1015,W47,2024,1944.0
Product 1015,W48,2024,1944.0
Product 1015,W49,2024,1944.0
Product 1016,W39,2024,1512.0
Product 1016,W41,2024,1771.2
Product 1016,W44,2024,972.0
Product 1016,W45,2024,972.0
Product 1016,W47,2024,928.8
Product 1016,W48,2024,928.8
Product 1016,W49,2024,950.4
Product 1024,W39,2024,129.60000000000002
Product 1024,W41,2024,129.60000000000002
Product 1024,W44,2024,129.60000000000002
Product 1024,W45,2024,129.60000000000002
Product 1024,W47,2024,129.60000000000002
Product 1024,W48,2024,129.60000000000002
Product 1024,W49,2024,129.60000000000002
Product 1025,W47,2024,518.4
Product 1025,W48,2024,550.0799999999999
Product 1025,W49,2024,550.0799999999999
Product 1026,W39,2024,518.4
Product 1026,W41,2024,518.4
Product 1026,W44,2024,518.4
Product 1026,W45,2024,518.4
Product 1026,W47,2024,518.4
Product 1026,W48,2024,518.4
Product 1026,W49,2024,518.4
Product 1027,W39,2024,720.0
Product 1027,W41,2024,720.0
Product 1027,W44,2024,576.0
Product 1027,W45,2024,576.0
Product 1027,W47,2024,576.0
Product 1027,W48,2024,1008.0
Product 1027,W49,2024,1008.0
Product 1030,W39,2024,1512.0
Product 1030,W41,2024,1512.0
Product 1030,W44,2024,1512.0
Product 1030,W45,2024,1512.0
Product 1030,W47,2024,1512.0
Product 1030,W48,2024,1684.8
Product 1030,W49,2024,1684.8
Product 1031,W47,2024,208.8
Product 1031,W48,2024,208.8
Product 1031,W49,2024,208.8
Product 1033,W48,2024,1425.6
Product 1033,W49,2024,1036.8
Product 1034,W48,2024,1296.0
Product 1034,W49,2024,1296.0
Product 1036,W48,2024,777.6
Product 1036,W49,2024,777.6
Product 1048,W44,2024,93.0
Product 1048,W45,2024,30.0
Product 1049,W44,2024,126.0
Product 1051,W44,2024,1010.0
Product 1051,W45,2024,24.0
Product 1052,W44,2024,1010.0
Product 1055,W39,2024,22840.0
Product 1055,W41,2024,16560.0
Product 1055,W44,2024,16560.0
Product 1055,W45,2024,13560.0
Product 1055,W48,2024,13560.0
Product 1055,W49,2024,13556.0
Product 1057,W39,2024,1200.0
Product 1057,W41,2024,1200.0
Product 1057,W44,2024,1200.0
Product 1057,W45,2024,1200.0
Product 1057,W47,2024,1200.0
Product 1057,W48,2024,1200.0
Product 1057,W49,2024,1200.0
Product 1058,W39,2024,1200.0
Product 1058,W41,2024,1200.0
Product 1058,W44,2024,1200.0
Product 1058,W45,2024,1200.0
Product 1058,W47,2024,1200.0
Product 1058,W48,2024,1200.0
Product 1058,W49,2024,1200.0
Product 1071,W39,2024,950.4
Product 1071,W41,2024,950.4
Product 1071,W44,2024,950.4
Product 1071,W45,2024,950.4
Product 1071,W47,2024,950.4
Product 1071,W48,2024,950.4
Product 1071,W49,2024,950.4
Product 1073,W47,2024,216.0
Product 1073,W48,2024,221.4
Product 1073,W49,2024,221.4
Product 1077,W41,2024,518.4
Product 1077,W44,2024,518.4
Product 1077,W45,2024,518.4
Product 1077,W47,2024,518.4
Product 1077,W48,2024,518.4
Product 1077,W49,2024,518.4
Product 1081,W45,2024,432.0
Product 1086,W48,2024,518.4
Product 1086,W49,2024,518.4
Product 1100,W39,2024,300.0
Product 1104,W39,2024,30.303
Product 1104,W41,2024,30.303
Product 1104,W44,2024,30.303
Product 1104,W45,2024,30.303
Product 1104,W47,2024,30.303
Product 1104,W48,2024,30.303
Product 1104,W49,2024,30.303
Product 1135,W39,2024,21.212
Product 1135,W41,2024,21.212
Product 1135,W44,2024,21.212
Product 1135,W45,2024,21.212
Product 1135,W47,2024,21.212
Product 1135,W48,2024,21.212
Product 1135,W49,2024,21.212
Product 1145,W39,2024,60.0
Product 1145,W41,2024,60.0
Product 1145,W44,2024,60.0
Product 1145,W45,2024,60.0
Product 1145,W47,2024,60.0
Product 1145,W48,2024,60.0
Product 1145,W49,2024,60.0
Product 1148,W45,2024,60.0
Product 1157,W39,2024,432.0
Product 116,W45,2024,576.0
Product 116,W48,2024,96.0
Product 117,W48,2024,96.0
Product 1170,W47,2024,475.2
Product 1170,W48,2024,432.0
Product 1170,W49,2024,432.0
Product 1171,W48,2024,1857.6
Product 1171,W49,2024,475.2
Product 1172,W48,2024,216.0
Product 1172,W49,2024,216.0
Product 1173,W47,2024,475.2
Product 1173,W48,2024,432.0
Product 1173,W49,2024,432.0
Product 1174,W47,2024,432.0
Product 1174,W48,2024,388.8
Product 1174,W49,2024,388.8
Product 1175,W48,2024,302.4
Product 1175,W49,2024,432.0
Product 1193,W47,2024,86.4
Product 1196,W39,2024,604.8
Product 1197,W39,2024,216.0
Product 1204,W39,2024,432.0
Product 1205,W41,2024,302.4
Product 1205,W45,2024,1339.2
Product 1206,W45,2024,43.2
Product 1206,W47,2024,388.79999999999995
Product 1206,W48,2024,403.91999999999996
Product 1206,W49,2024,403.91999999999996
Product 1212,W39,2024,216.0
Product 1212,W41,2024,216.0
Product 1212,W44,2024,216.0
Product 1212,W45,2024,216.0
Product 1212,W47,2024,216.0
Product 1212,W48,2024,216.0
Product 1212,W49,2024,216.0
Product 1213,W41,2024,1080.0
Product 1218,W47,2024,172.8
Product 1219,W48,2024,124.2
Product 1219,W49,2024,124.2
Product 1221,W41,2024,259.2
Product 1226,W39,2024,43.2
Product 1226,W41,2024,43.2
Product 1226,W48,2024,30.24
Product 1226,W49,2024,30.24
Product 1227,W48,2024,41.76
Product 1227,W49,2024,41.76
Product 1228,W39,2024,518.4
Product 1228,W41,2024,518.4
Product 1228,W44,2024,518.4
Product 1228,W45,2024,518.4
Product 1228,W47,2024,518.4
Product 1228,W48,2024,518.4
Product 1228,W49,2024,518.4
Product 1229,W44,2024,259.2
Product 1229,W45,2024,259.2
Product 1231,W41,2024,518.4
Product 1232,W48,2024,1080.0
Product 1232,W49,2024,1080.0
Product 1233,W45,2024,216.0
Product 1235,W39,2024,691.2
Product 1235,W41,2024,691.2
Product 1235,W44,2024,691.2
Product 1235,W45,2024,691.2
Product 1235,W47,2024,691.2
Product 1235,W48,2024,691.2
Product 1235,W49,2024,691.2
Product 1238,W48,2024,86.4
Product 1238,W49,2024,86.4
Product 1240,W49,2024,86.4
Product 1243,W47,2024,432.0
Product 1243,W48,2024,432.0
Product 1243,W49,2024,432.0
Product 1245,W39,2024,518.4
Product 1245,W41,2024,518.4
Product 1245,W44,2024,518.4
Product 1245,W45,2024,518.4
Product 1253,W48,2024,70.8
Product 1265,W45,2024,12.6
Product 1270,W47,2024,6.72
Product 1280,W47,2024,2635.2
Product 1280,W48,2024,129.6
Product 1286,W39,2024,388.8
Product 1286,W41,2024,398.88
Product 1286,W44,2024,398.88
Product 1286,W45,2024,398.88
Product 1286,W47,2024,10.08
Product 1286,W48,2024,398.88
Product 1286,W49,2024,398.88
Product 1287,W39,2024,1296.0
Product 1287,W41,2024,950.4
Product 1287,W45,2024,1.44
Product 1288,W39,2024,2332.8
Product 1288,W41,2024,2332.8
Product 1288,W44,2024,1382.4
Product 1288,W45,2024,1382.4
Product 1288,W47,2024,82.08
Product 1288,W48,2024,1382.4
Product 1288,W49,2024,1382.4
Product 1289,W39,2024,954.72
Product 1289,W41,2024,954.72
Product 1289,W44,2024,4.32
Product 1289,W45,2024,4.32
Product 1289,W47,2024,4.32
Product 1289,W48,2024,87.84
Product 1289,W49,2024,4.32
Product 13,W39,2024,600.0
Product 13,W41,2024,200.0
Product 13,W44,2024,300.0
Product 13,W45,2024,300.0
Product 13,W47,2024,300.0
Product 13,W48,2024,200.0
Product 13,W49,2024,300.0
Product 1304,W45,2024,950.4
Product 1304,W48,2024,950.4
Product 1304,W49,2024,950.4
Product 1306,W47,2024,86.4
Product 1308,W48,2024,1036.8
Product 1308,W49,2024,1036.8
Product 131,W48,2024,5016.0
Product 131,W49,2024,684.0
Product 1316,W39,2024,172.8
Product 1316,W41,2024,172.8
Product 1316,W44,2024,172.8
Product 1316,W45,2024,172.8
Product 1316,W47,2024,172.8
Product 1316,W48,2024,172.8
Product 1316,W49,2024,172.8
Product 1317,W39,2024,43.2
Product 1317,W41,2024,43.2
Product 1317,W44,2024,43.2
Product 1317,W45,2024,43.2
Product 1317,W47,2024,43.2
Product 1317,W48,2024,43.2
Product 1317,W49,2024,43.2
Product 1318,W39,2024,1987.2
Product 1318,W41,2024,1036.8
Product 1318,W44,2024,1036.8
Product 1318,W45,2024,1036.8
Product 1318,W47,2024,1036.8
Product 1318,W48,2024,1036.8
Product 1318,W49,2024,1036.8
Product 132,W49,2024,4940.0
Product 1322,W39,2024,2232.0
Product 1322,W41,2024,2232.0
Product 1322,W44,2024,1238.4
Product 1322,W45,2024,1238.4
Product 1322,W47,2024,1238.4
Product 1322,W48,2024,1238.4
Product 1322,W49,2024,1238.4
Product 1326,W47,2024,734.4
Product 1326,W48,2024,691.2
Product 1326,W49,2024,691.2
Product 1337,W47,2024,864.0
Product 1337,W48,2024,864.0
Product 1337,W49,2024,302.4
Product 1338,W47,2024,864.0
Product 1338,W48,2024,864.0
Product 1338,W49,2024,432.0
Product 1340,W47,2024,2808.0
Product 1340,W48,2024,2764.8
Product 1340,W49,2024,2635.2
Product 1347,W44,2024,1044.0
Product 1347,W45,2024,1044.0
Product 1348,W48,2024,648.0
Product 1348,W49,2024,648.0
Product 1349,W44,2024,216.0
Product 1353,W44,2024,345.6
Product 1353,W45,2024,345.6
Product 1353,W47,2024,345.6
Product 1353,W48,2024,388.8
Product 1353,W49,2024,388.8
Product 1354,W44,2024,302.4
Product 1354,W45,2024,302.4
Product 1354,W47,2024,302.4
Product 1354,W48,2024,345.59999999999997
Product 1354,W49,2024,432.0
Product 1356,W48,2024,172.8
Product 136,W45,2024,1998.0
Product 136,W47,2024,86.4
Product 136,W48,2024,86.4
Product 136,W49,2024,86.4
Product 1360,W48,2024,1247.04
Product 1360,W49,2024,1074.24
Product 1361,W45,2024,648.0
Product 1361,W47,2024,302.4
Product 1361,W48,2024,1680.48
Product 1361,W49,2024,1680.48
Product 1362,W45,2024,864.0
Product 1362,W47,2024,388.8
Product 1362,W48,2024,1602.72
Product 1362,W49,2024,1602.72
Product 1363,W45,2024,691.2
Product 1363,W47,2024,345.6
Product 1363,W48,2024,1080.0
Product 1363,W49,2024,1080.0
Product 1364,W45,2024,432.0
Product 1364,W47,2024,734.4
Product 1364,W48,2024,1899.3600000000001
Product 1364,W49,2024,1899.3600000000001
Product 1365,W49,2024,43.2
Product 1368,W39,2024,518.4
Product 1369,W44,2024,345.6
Product 1369,W45,2024,345.6
Product 1369,W47,2024,345.6
Product 1369,W48,2024,432.0
Product 1369,W49,2024,432.0
Product 1370,W44,2024,216.0
Product 1370,W45,2024,216.0
Product 1370,W47,2024,216.0
Product 1370,W48,2024,302.4
Product 1370,W49,2024,302.4
Product 1371,W44,2024,394.56
Product 1371,W45,2024,394.56
Product 1371,W47,2024,394.56
Product 1371,W48,2024,524.16
Product 1371,W49,2024,524.16
Product 1372,W44,2024,302.4
Product 1372,W45,2024,308.15999999999997
Product 1372,W47,2024,302.4
Product 1372,W48,2024,302.4
Product 1372,W49,2024,302.4
Product 1377,W44,2024,5.76
Product 1377,W45,2024,5.76
Product 1377,W47,2024,5.76
Product 1377,W48,2024,5.76
Product 1377,W49,2024,5.76
Product 1378,W44,2024,394.56
Product 1378,W45,2024,394.56
Product 1378,W47,2024,394.56
Product 1378,W48,2024,394.56
Product 1378,W49,2024,394.56
Product 1379,W44,2024,1036.8
Product 1379,W45,2024,1036.8
Product 1379,W47,2024,1036.8
Product 1379,W48,2024,1036.8
Product 1379,W49,2024,1036.8
Product 1380,W44,2024,269.28
Product 1380,W45,2024,269.28
Product 1380,W47,2024,269.28
Product 1380,W48,2024,269.28
Product 1380,W49,2024,269.28
Product 1381,W44,2024,820.8
Product 1381,W45,2024,820.8
Product 1381,W47,2024,820.8
Product 1381,W48,2024,820.8
Product 1381,W49,2024,820.8
Product 1382,W44,2024,950.4
Product 1382,W45,2024,950.4
Product 1382,W47,2024,950.4
Product 1382,W48,2024,950.4
Product 1382,W49,2024,950.4
Product 1383,W39,2024,129.60000000000002
Product 1384,W39,2024,216.0
Product 1386,W39,2024,302.4
Product 1386,W41,2024,302.4
Product 1386,W44,2024,302.4
Product 1386,W45,2024,302.4
Product 1386,W47,2024,820.8
Product 1386,W48,2024,820.8
Product 1386,W49,2024,820.8
Product 139,W45,2024,874.8
Product 139,W47,2024,1900.8
Product 139,W48,2024,993.6
Product 139,W49,2024,993.6
Product 1399,W48,2024,345.6
Product 1399,W49,2024,345.6
Product 14,W41,2024,1000.0
Product 14,W44,2024,100.0
Product 14,W45,2024,100.0
Product 14,W47,2024,100.0
Product 14,W48,2024,100.0
Product 14,W49,2024,100.0
Product 140,W45,2024,1814.4
Product 140,W47,2024,172.8
Product 1407,W44,2024,475.2
Product 1407,W45,2024,475.2
Product 1407,W47,2024,475.2
Product 1407,W48,2024,475.2
Product 1407,W49,2024,475.2
Product 1408,W44,2024,302.4
Product 1408,W45,2024,302.4
Product 1408,W47,2024,302.4
Product 1408,W48,2024,302.4
Product 1408,W49,2024,302.4
Product 1409,W44,2024,950.4
Product 1409,W45,2024,302.4
Product 1409,W47,2024,475.2
Product 1409,W48,2024,648.0
Product 1409,W49,2024,648.0
Product 141,W45,2024,777.6
Product 141,W47,2024,86.4
Product 141,W48,2024,86.4
Product 141,W49,2024,86.4
Product 1410,W44,2024,993.6
Product 1410,W45,2024,561.6
Product 1410,W47,2024,561.6
Product 1410,W48,2024,561.6
Product 1410,W49,2024,561.6
Product 1413,W39,2024,4536.0
Product 1413,W41,2024,4536.0
Product 1413,W44,2024,4536.0
Product 1413,W45,2024,4536.0
Product 1413,W47,2024,4536.0
Product 1413,W48,2024,4536.0
Product 1413,W49,2024,4536.0
Product 1414,W48,2024,432.0
Product 1414,W49,2024,432.0
Product 1416,W47,2024,388.8
Product 1417,W44,2024,43.2
Product 1417,W45,2024,43.2
Product 142,W45,2024,1142.1
Product 142,W47,2024,43.2
Product 142,W48,2024,43.2
Product 142,W49,2024,43.2
Product 1420,W39,2024,1987.2
Product 1420,W41,2024,1987.2
Product 1420,W44,2024,1987.2
Product 1420,W45,2024,1987.2
Product 1420,W47,2024,1987.2
Product 1420,W48,2024,1987.2
Product 1420,W49,2024,1987.2
Product 1426,W44,2024,86.4
Product 1426,W45,2024,302.4
Product 143,W45,2024,345.6
Product 143,W47,2024,172.8
Product 143,W48,2024,172.8
Product 143,W49,2024,172.8
Product 1431,W39,2024,2030.4
Product 1431,W41,2024,2030.4
Product 1431,W44,2024,2030.4
Product 1431,W45,2024,2030.4
Product 1431,W48,2024,224.64
Product 1431,W49,2024,224.64
Product 1440,W47,2024,234.0
Product 1440,W48,2024,113.0
Product 1452,W49,2024,234.0
Product 1461,W49,2024,390.0
Product 1475,W45,2024,390.0
Product 1481,W45,2024,510.0
Product 1483,W45,2024,350.0
Product 1483,W47,2024,155.0
Product 1483,W48,2024,78.0
Product 1487,W45,2024,220.0
Product 1489,W48,2024,34.0
Product 1499,W39,2024,1560.0
Product 1499,W41,2024,1560.0
Product 1499,W44,2024,1560.0
Product 1499,W45,2024,1560.0
Product 1499,W47,2024,1560.0
Product 1499,W48,2024,1560.0
Product 1499,W49,2024,1560.0
Product 15,W45,2024,1152.0
Product 15,W47,2024,194.4
Product 15,W48,2024,3456.0
Product 15,W49,2024,2112.0
Product 1502,W41,2024,907.2
Product 151,W44,2024,420.20000000000005
Product 151,W45,2024,144.10000000000002
Product 1539,W39,2024,86.4
Product 1543,W45,2024,11.52
Product 1549,W39,2024,210.16
Product 1549,W41,2024,210.16
Product 1549,W44,2024,1942.56
Product 1549,W45,2024,1942.56
Product 1549,W47,2024,1942.56
Product 1549,W48,2024,1919.8400000000001
Product 1549,W49,2024,1019.56
Product 1550,W44,2024,221.52
Product 1550,W47,2024,221.52
Product 1550,W48,2024,221.52
Product 1550,W49,2024,1846.0
Product 1551,W39,2024,2510.56
Product 1551,W41,2024,2510.56
Product 1553,W39,2024,3914.9399999999996
Product 1553,W41,2024,3914.9399999999996
Product 1553,W44,2024,5650.18
Product 1553,W45,2024,5650.18
Product 1553,W47,2024,3434.98
Product 1553,W48,2024,3250.38
Product 1553,W49,2024,4136.46
Product 1554,W39,2024,816.5
Product 1554,W41,2024,807.98
Product 1554,W44,2024,816.5
Product 1554,W45,2024,816.5
Product 1554,W47,2024,816.5
Product 1554,W48,2024,816.5
Product 1554,W49,2024,816.5
Product 1555,W39,2024,6725.12
Product 1555,W41,2024,6725.12
Product 1555,W44,2024,6152.860000000001
Product 1555,W45,2024,6152.860000000001
Product 1555,W47,2024,6152.860000000001
Product 1555,W48,2024,6152.860000000001
Product 1555,W49,2024,6152.860000000001
Product 1558,W45,2024,147.68
Product 1558,W48,2024,443.04
Product 1559,W45,2024,1329.12
Product 1559,W48,2024,36.92
Product 1559,W49,2024,36.92
Product 1565,W39,2024,2510.56
Product 1565,W41,2024,2510.56
Product 1565,W44,2024,2510.56
Product 1565,W45,2024,2473.64
Product 1565,W47,2024,2473.64
Product 1565,W48,2024,2473.64
Product 1565,W49,2024,2473.64
Product 1566,W39,2024,2473.64
Product 1566,W41,2024,2473.64
Product 1566,W44,2024,2473.64
Product 1566,W45,2024,2473.64
Product 1566,W47,2024,2473.64
Product 1566,W48,2024,2473.64
Product 1566,W49,2024,2473.64
Product 1585,W39,2024,604.8
Product 1585,W41,2024,604.8
Product 1585,W44,2024,604.8
Product 1585,W45,2024,604.8
Product 1585,W47,2024,604.8
Product 1585,W48,2024,604.8
Product 1585,W49,2024,604.8
Product 1587,W45,2024,86.4
Product 1587,W47,2024,129.60000000000002
Product 1587,W48,2024,129.60000000000002
Product 1587,W49,2024,129.60000000000002
Product 1599,W39,2024,518.4
Product 1599,W41,2024,518.4
Product 1599,W44,2024,518.4
Product 1599,W45,2024,518.4
Product 1599,W47,2024,518.4
Product 1599,W48,2024,518.4
Product 1599,W49,2024,205.92
Product 16,W44,2024,384.0
Product 16,W45,2024,384.0
Product 161,W47,2024,76.8
Product 1611,W47,2024,43.2
Product 1611,W48,2024,43.2
Product 1611,W49,2024,43.2
Product 1612,W39,2024,1036.8
Product 1612,W41,2024,1036.8
Product 1613,W39,2024,475.20000000000005
Product 1613,W41,2024,475.20000000000005
Product 1613,W44,2024,475.20000000000005
Product 1613,W45,2024,475.20000000000005
Product 1613,W47,2024,475.20000000000005
Product 1613,W48,2024,475.20000000000005
Product 1613,W49,2024,475.20000000000005
Product 1623,W39,2024,1080.0
Product 1625,W44,2024,43.2
Product 1632,W44,2024,172.8
Product 1633,W45,2024,172.8
Product 1634,W45,2024,950.4
Product 1634,W47,2024,691.2
Product 1634,W48,2024,648.0
Product 1634,W49,2024,648.0
Product 1635,W45,2024,1036.8
Product 1635,W47,2024,734.4
Product 1635,W48,2024,648.0
Product 1635,W49,2024,648.0
Product 1636,W45,2024,129.6
Product 1637,W41,2024,43.2
Product 1637,W45,2024,86.4
Product 1638,W49,2024,184.60000000000002
Product 1639,W47,2024,221.52
Product 1639,W48,2024,1107.6
Product 1639,W49,2024,1107.6
Product 1640,W47,2024,73.84
Product 1640,W48,2024,73.84
Product 1640,W49,2024,73.84
Product 1650,W39,2024,73.84
Product 1661,W39,2024,36.0
Product 1661,W41,2024,36.0
Product 1661,W47,2024,36.0
Product 1661,W48,2024,36.0
Product 1661,W49,2024,36.0
Product 1663,W39,2024,74.88
Product 1663,W41,2024,74.88
Product 1663,W47,2024,73.44
Product 1663,W48,2024,67.68
Product 1663,W49,2024,67.68
Product 1665,W39,2024,155.52
Product 1665,W41,2024,51.84
Product 1665,W44,2024,51.84
Product 1665,W45,2024,51.84
Product 1667,W39,2024,414.72
Product 1667,W41,2024,414.72
Product 1667,W44,2024,414.72
Product 1667,W45,2024,414.72
Product 1667,W47,2024,414.72
Product 1667,W48,2024,414.72
Product 1667,W49,2024,414.72
Product 168,W44,2024,691.2
Product 168,W45,2024,268.8
Product 1694,W45,2024,1.44
Product 1697,W45,2024,172.8
Product 1697,W47,2024,43.2
Product 1697,W48,2024,43.2
Product 1697,W49,2024,43.2
Product 17,W47,2024,132.0
Product 1703,W39,2024,907.2
Product 1703,W41,2024,907.2
Product 1703,W44,2024,907.2
Product 1703,W45,2024,907.2
Product 1703,W47,2024,907.2
Product 1703,W48,2024,907.2
Product 1703,W49,2024,907.2
Product 1709,W48,2024,322.56
Product 1709,W49,2024,230.4
Product 1710,W48,2024,276.48
Product 1711,W49,2024,92.15999999999997
Product 1712,W48,2024,506.88
Product 1714,W48,2024,276.48
Product 1717,W48,2024,470.88
Product 1718,W48,2024,332.64
Product 1718,W49,2024,190.08
Product 1720,W48,2024,475.20000000000005
Product 1722,W48,2024,332.64
Product 1722,W49,2024,237.6
Product 1731,W41,2024,322.56
Product 1731,W44,2024,322.56
Product 1731,W45,2024,322.56
Product 1731,W47,2024,322.56
Product 1731,W48,2024,368.64
Product 1731,W49,2024,322.56
Product 1733,W48,2024,276.48
Product 1733,W49,2024,46.08
Product 1734,W47,2024,1333.44
Product 1734,W48,2024,144.0
Product 1747,W48,2024,1378.08
Product 1747,W49,2024,950.4
Product 1749,W39,2024,1283.04
Product 1749,W41,2024,1283.04
Product 1749,W44,2024,1283.04
Product 1749,W45,2024,1283.04
Product 1749,W47,2024,1283.04
Product 1749,W48,2024,1283.04
Product 1749,W49,2024,1283.04
Product 175,W44,2024,1036.8
Product 175,W45,2024,1036.8
Product 175,W47,2024,192.0
Product 175,W48,2024,192.0
Product 175,W49,2024,216.96
Product 1751,W48,2024,47.52
Product 1751,W49,2024,47.52
Product 1753,W48,2024,1663.2
Product 1753,W49,2024,1330.56
Product 1754,W48,2024,1663.2
Product 1754,W49,2024,950.4
Product 1758,W41,2024,92.16000000000004
Product 1759,W39,2024,11.52
Product 1764,W39,2024,172.8
Product 1764,W41,2024,129.5999999999999
Product 1764,W47,2024,43.2
Product 1764,W48,2024,43.2
Product 1764,W49,2024,43.2
Product 1765,W39,2024,14.4
Product 1765,W41,2024,57.60000000000005
Product 1765,W44,2024,14.4
Product 1765,W45,2024,14.4
Product 1765,W47,2024,14.4
Product 1765,W48,2024,14.4
Product 1765,W49,2024,14.4
Product 1766,W39,2024,19.44
Product 1766,W41,2024,19.44
Product 1766,W44,2024,19.44
Product 1766,W45,2024,19.44
Product 1766,W47,2024,278.64
Product 1766,W48,2024,19.44
Product 1766,W49,2024,19.44
Product 1767,W39,2024,19.44
Product 1767,W41,2024,19.44
Product 1767,W44,2024,19.44
Product 1767,W45,2024,19.44
Product 1767,W47,2024,19.44
Product 1767,W48,2024,19.44
Product 1767,W49,2024,19.44
Product 1768,W39,2024,1072.8
Product 1768,W41,2024,576.0
Product 177,W44,2024,499.2
Product 177,W45,2024,460.8
Product 177,W47,2024,460.8
Product 177,W48,2024,422.4
Product 177,W49,2024,422.4
Product 1770,W39,2024,576.0
Product 1770,W41,2024,576.0
Product 1782,W39,2024,614.4
Product 1782,W41,2024,614.4
Product 1782,W44,2024,614.4
Product 1782,W45,2024,614.4
Product 1782,W47,2024,614.4
Product 1782,W48,2024,614.4
Product 1782,W49,2024,614.4
Product 1806,W39,2024,576.0
Product 1806,W41,2024,576.0
Product 1806,W44,2024,576.0
Product 1806,W45,2024,576.0
Product 1806,W47,2024,576.0
Product 1806,W48,2024,576.0
Product 1806,W49,2024,576.0
Product 1807,W39,2024,819.8399999999999
Product 1807,W41,2024,768.64
Product 1807,W44,2024,768.64
Product 1807,W45,2024,768.64
Product 1807,W47,2024,768.64
Product 1807,W48,2024,768.64
Product 1807,W49,2024,768.64
Product 1808,W39,2024,576.0
Product 1808,W41,2024,576.0
Product 1808,W44,2024,576.0
Product 1808,W45,2024,576.0
Product 1808,W47,2024,576.0
Product 1808,W48,2024,576.0
Product 1808,W49,2024,576.0
Product 1821,W45,2024,48.64
Product 1832,W47,2024,307.2
Product 1833,W45,2024,204.8
Product 1834,W45,2024,358.4
Product 1834,W47,2024,1228.8
Product 1834,W48,2024,1228.8
Product 1834,W49,2024,1228.8
Product 1835,W45,2024,409.6
Product 1835,W47,2024,819.1999999999999
Product 1835,W48,2024,972.8
Product 1835,W49,2024,972.8
Product 1836,W45,2024,1075.2
Product 1836,W47,2024,460.8
Product 1836,W48,2024,536.32
Product 1836,W49,2024,536.32
Product 1837,W45,2024,102.4
Product 1837,W47,2024,1536.0
Product 1837,W48,2024,1536.0
Product 1837,W49,2024,1536.0
Product 1838,W47,2024,1433.6
Product 1838,W48,2024,1455.36
Product 1838,W49,2024,1455.36
Product 1839,W39,2024,504.0
Product 1839,W41,2024,504.0
Product 1839,W44,2024,504.0
Product 1839,W45,2024,504.0
Product 1839,W47,2024,5.76
Product 1839,W48,2024,504.0
Product 1839,W49,2024,504.0
Product 1840,W39,2024,504.0
Product 1840,W41,2024,504.0
Product 1840,W44,2024,504.0
Product 1840,W45,2024,504.0
Product 1840,W47,2024,504.0
Product 1840,W48,2024,504.0
Product 1840,W49,2024,504.0
Product 1841,W39,2024,504.0
Product 1841,W41,2024,504.0
Product 1841,W44,2024,504.0
Product 1841,W45,2024,504.0
Product 1841,W47,2024,31.68
Product 1841,W48,2024,504.0
Product 1841,W49,2024,504.0
Product 1846,W49,2024,453.6
Product 1847,W39,2024,237.6
Product 1848,W39,2024,1080.0
Product 1848,W41,2024,1080.0
Product 1849,W39,2024,1080.0
Product 1849,W41,2024,1080.0
Product 1850,W39,2024,1080.0
Product 1850,W41,2024,1080.0
Product 1852,W44,2024,626.4
Product 1852,W45,2024,626.4
Product 1852,W47,2024,626.4
Product 1852,W49,2024,626.4
Product 1854,W48,2024,410.4
Product 1854,W49,2024,345.6
Product 1859,W39,2024,2656.8
Product 1859,W41,2024,2656.8
Product 1859,W44,2024,1987.2
Product 1859,W45,2024,1987.2
Product 1859,W47,2024,1987.2
Product 1859,W48,2024,1987.2
Product 1859,W49,2024,1987.2
Product 1860,W39,2024,2181.6
Product 1860,W41,2024,2181.6
Product 1860,W44,2024,1670.4
Product 1860,W45,2024,1670.4
Product 1860,W47,2024,1670.4
Product 1860,W48,2024,1670.4
Product 1860,W49,2024,1670.4
Product 1861,W39,2024,1879.2
Product 1861,W41,2024,1879.2
Product 1861,W44,2024,1879.2
Product 1861,W45,2024,1879.2
Product 1861,W47,2024,799.2
Product 1861,W48,2024,1879.2
Product 1861,W49,2024,1879.2
Product 1862,W39,2024,1029.6
Product 1862,W41,2024,1029.6
Product 1862,W44,2024,1029.6
Product 1862,W45,2024,1029.6
Product 1862,W47,2024,1029.6
Product 1862,W48,2024,1029.6
Product 1862,W49,2024,1029.6
Product 1863,W39,2024,921.6
Product 1863,W41,2024,921.6
Product 1863,W44,2024,921.6
Product 1863,W45,2024,921.6
Product 1863,W47,2024,360.72
Product 1863,W48,2024,576.0
Product 1863,W49,2024,576.0
Product 1864,W39,2024,576.0
Product 1864,W41,2024,576.0
Product 1864,W44,2024,576.0
Product 1864,W45,2024,576.0
Product 1864,W47,2024,576.0
Product 1864,W48,2024,576.0
Product 1864,W49,2024,576.0
Product 1865,W39,2024,576.0
Product 1865,W41,2024,576.0
Product 1865,W44,2024,576.0
Product 1865,W45,2024,576.0
Product 1865,W47,2024,411.12
Product 1865,W48,2024,576.0
Product 1865,W49,2024,576.0
Product 1866,W39,2024,576.0
Product 1866,W41,2024,576.0
Product 1866,W44,2024,576.0
Product 1866,W45,2024,576.0
Product 1866,W47,2024,7.2
Product 1866,W48,2024,576.0
Product 1866,W49,2024,576.0
Product 1867,W39,2024,576.0
Product 1867,W41,2024,576.0
Product 1867,W45,2024,21.60000000000002
Product 1870,W39,2024,1080.0
Product 1870,W41,2024,1080.0
Product 1871,W39,2024,3261.6
Product 1871,W41,2024,3261.6
Product 1877,W41,2024,432.0
Product 188,W39,2024,76.8
Product 1909,W39,2024,576.0
Product 1909,W41,2024,576.0
Product 1909,W44,2024,576.0
Product 1909,W45,2024,576.0
Product 1909,W47,2024,345.6
Product 1909,W48,2024,576.0
Product 1909,W49,2024,576.0
Product 1910,W39,2024,946.56
Product 1910,W41,2024,946.56
Product 1910,W44,2024,946.56
Product 1910,W45,2024,946.56
Product 1910,W47,2024,383.36
Product 1910,W48,2024,946.56
Product 1910,W49,2024,946.56
Product 1911,W39,2024,1574.4
Product 1911,W41,2024,1574.4
Product 1911,W44,2024,1574.4
Product 1911,W45,2024,1465.6
Product 1911,W47,2024,1443.2
Product 1911,W48,2024,1465.6
Product 1911,W49,2024,1465.6
Product 1912,W39,2024,35.2
Product 1912,W49,2024,25.6
Product 1913,W39,2024,46.08
Product 1913,W45,2024,46.08
Product 1913,W47,2024,46.08
Product 1913,W49,2024,25.6
Product 1914,W39,2024,43.519999999999996
Product 1914,W49,2024,23.68
Product 1916,W39,2024,28.16
Product 1920,W39,2024,576.0
Product 1920,W41,2024,576.0
Product 1920,W44,2024,576.0
Product 1920,W45,2024,576.0
Product 1920,W47,2024,165.76
Product 1920,W48,2024,576.0
Product 1920,W49,2024,576.0
Product 1921,W39,2024,1113.6
Product 1921,W41,2024,1113.6
Product 1921,W44,2024,1113.6
Product 1921,W45,2024,1113.6
Product 1921,W47,2024,1108.48
Product 1921,W48,2024,1113.6
Product 1921,W49,2024,1113.6
Product 1922,W39,2024,2521.6
Product 1922,W41,2024,2521.6
Product 1922,W44,2024,2521.6
Product 1922,W45,2024,2521.6
Product 1922,W47,2024,2508.8
Product 1922,W48,2024,2521.6
Product 1922,W49,2024,2521.6
Product 1923,W39,2024,934.4
Product 1923,W41,2024,934.4
Product 1923,W44,2024,934.4
Product 1923,W45,2024,934.4
Product 1923,W47,2024,934.4000000000001
Product 1923,W48,2024,934.4000000000001
Product 1923,W49,2024,934.4000000000001
Product 1924,W39,2024,409.6
Product 1924,W41,2024,409.6
Product 1924,W44,2024,409.6
Product 1924,W45,2024,409.6
Product 1924,W47,2024,409.6
Product 1924,W48,2024,409.6
Product 1924,W49,2024,409.6
Product 1926,W39,2024,281.6
Product 1926,W41,2024,281.6
Product 1926,W44,2024,281.6
Product 1926,W45,2024,281.6
Product 1926,W47,2024,281.6
Product 1926,W48,2024,281.6
Product 1926,W49,2024,281.6
Product 1931,W39,2024,2649.6
Product 1931,W41,2024,1523.2
Product 1931,W44,2024,1523.2
Product 1931,W45,2024,1523.2
Product 1931,W47,2024,960.0
Product 1931,W48,2024,1523.2
Product 1931,W49,2024,1523.2
Product 1932,W39,2024,460.8
Product 1933,W39,2024,3018.88
Product 1933,W41,2024,3018.88
Product 1933,W44,2024,2952.9599999999996
Product 1933,W45,2024,2952.9599999999996
Product 1933,W47,2024,2376.9599999999996
Product 1933,W48,2024,2887.04
Product 1933,W49,2024,2952.9599999999996
Product 1935,W44,2024,129.6
Product 1935,W45,2024,129.6
Product 1935,W47,2024,129.6
Product 1935,W49,2024,129.6
Product 1938,W39,2024,1543.68
Product 1938,W41,2024,1543.68
Product 1938,W44,2024,1543.68
Product 1938,W45,2024,1543.68
Product 1938,W47,2024,1543.68
Product 1938,W48,2024,1543.68
Product 1938,W49,2024,1543.68
Product 1946,W48,2024,4147.2
Product 1950,W45,2024,86.40000000000009
Product 1953,W45,2024,168.0
Product 1954,W48,2024,126.0
Product 1954,W49,2024,42.0
Product 1956,W48,2024,84.0
Product 1967,W48,2024,252.0
Product 1997,W44,2024,1036.8
Product 1997,W45,2024,43.2
Product 2002,W39,2024,486.4
Product 2002,W41,2024,486.4
Product 2002,W45,2024,486.4
Product 2002,W47,2024,486.4
Product 2002,W48,2024,486.4
Product 2002,W49,2024,486.4
Product 201,W41,2024,230.4
Product 2013,W39,2024,129.6
Product 2013,W41,2024,129.6
Product 2013,W44,2024,129.6
Product 2013,W45,2024,129.6
Product 2013,W47,2024,129.6
Product 2013,W48,2024,129.6
Product 2013,W49,2024,129.6
Product 2017,W41,2024,216.0
Product 2018,W41,2024,561.6
Product 2024,W39,2024,302.4
Product 2024,W41,2024,302.4
Product 2024,W44,2024,302.4
Product 2024,W45,2024,302.4
Product 2024,W47,2024,302.4
Product 2024,W48,2024,302.4
Product 2024,W49,2024,302.4
Product 2025,W39,2024,978.48
Product 2025,W41,2024,978.48
Product 2025,W44,2024,978.48
Product 2025,W45,2024,978.48
Product 2025,W47,2024,978.48
Product 2025,W48,2024,978.48
Product 2025,W49,2024,978.48
Product 2026,W39,2024,129.60000000000002
Product 2026,W41,2024,129.60000000000002
Product 2026,W44,2024,129.60000000000002
Product 2026,W45,2024,129.60000000000002
Product 2026,W47,2024,129.60000000000002
Product 2026,W48,2024,129.60000000000002
Product 2026,W49,2024,129.60000000000002
Product 2038,W48,2024,84.0
Product 2049,W39,2024,259.20000000000005
Product 2049,W41,2024,259.20000000000005
Product 2049,W44,2024,259.20000000000005
Product 2049,W45,2024,259.20000000000005
Product 2049,W47,2024,259.20000000000005
Product 2049,W48,2024,259.20000000000005
Product 2049,W49,2024,259.20000000000005
Product 2050,W39,2024,259.2
Product 2050,W41,2024,259.2
Product 2050,W44,2024,259.2
Product 2050,W45,2024,259.2
Product 2050,W47,2024,259.2
Product 2050,W48,2024,259.2
Product 2050,W49,2024,259.2
Product 2051,W39,2024,129.60000000000002
Product 2051,W41,2024,129.60000000000002
Product 2051,W44,2024,129.60000000000002
Product 2051,W45,2024,129.60000000000002
Product 2051,W47,2024,129.60000000000002
Product 2051,W48,2024,129.60000000000002
Product 2051,W49,2024,129.60000000000002
Product 2056,W45,2024,86.4
Product 2089,W45,2024,259.2
Product 2090,W47,2024,518.4
Product 2092,W47,2024,907.2
Product 2093,W48,2024,648.0
Product 2093,W49,2024,216.0
Product 2094,W47,2024,604.8
Product 2097,W39,2024,259.2
Product 2097,W41,2024,259.2
Product 2097,W44,2024,259.2
Product 2097,W45,2024,259.2
Product 2097,W47,2024,259.2
Product 2097,W48,2024,259.2
Product 2097,W49,2024,259.2
Product 2098,W39,2024,86.4
Product 2098,W41,2024,86.4
Product 2098,W44,2024,86.4
Product 2098,W45,2024,86.4
Product 2098,W47,2024,86.4
Product 2098,W48,2024,86.4
Product 2098,W49,2024,86.4
Product 2100,W39,2024,1036.8
Product 2100,W41,2024,1036.8
Product 2100,W44,2024,1036.8
Product 2100,W45,2024,1036.8
Product 2100,W47,2024,1036.8
Product 2100,W48,2024,1036.8
Product 2100,W49,2024,1036.8
Product 2106,W39,2024,1598.4
Product 2106,W41,2024,648.0
Product 2106,W44,2024,648.0
Product 2106,W45,2024,648.0
Product 2106,W47,2024,648.0
Product 2106,W48,2024,648.0
Product 2106,W49,2024,648.0
Product 2111,W49,2024,997.92
Product 2116,W48,2024,358.56
Product 2116,W49,2024,358.56
Product 2118,W48,2024,1382.4
Product 2118,W49,2024,1382.4
Product 2119,W44,2024,432.0
Product 2119,W45,2024,432.0
Product 2119,W47,2024,432.0
Product 2119,W48,2024,432.0
Product 2119,W49,2024,432.0
Product 212,W45,2024,20.52
Product 2120,W48,2024,388.8
Product 2121,W44,2024,1036.8
Product 2133,W39,2024,46.07999999999998
Product 2134,W39,2024,1244.16
Product 2134,W48,2024,230.4
Product 2138,W49,2024,47.52
Product 2139,W48,2024,997.9200000000001
Product 214,W44,2024,1451.52
Product 214,W45,2024,1451.52
Product 214,W47,2024,1451.52
Product 214,W48,2024,1451.52
Product 214,W49,2024,1451.52
Product 2144,W48,2024,800.64
Product 2144,W49,2024,800.64
Product 2145,W48,2024,419.52
Product 2145,W49,2024,419.52
Product 2153,W39,2024,2053.0
Product 2153,W41,2024,2053.0
Product 2153,W44,2024,2053.0
Product 2153,W45,2024,2053.0
Product 2153,W47,2024,2053.0
Product 2153,W48,2024,2053.0
Product 2153,W49,2024,2053.0
Product 2155,W45,2024,810.0
Product 2156,W44,2024,81.0
Product 2156,W45,2024,162.0
Product 2156,W47,2024,243.0
Product 2159,W45,2024,127.0
Product 2163,W45,2024,729.0
Product 2165,W45,2024,81.0
Product 2168,W39,2024,1309.0
Product 2168,W41,2024,1309.0
Product 2168,W44,2024,1309.0
Product 2168,W45,2024,1309.0
Product 2168,W47,2024,1309.0
Product 2168,W48,2024,1309.0
Product 2168,W49,2024,1309.0
Product 2175,W47,2024,81.0
Product 2177,W39,2024,156.0
Product 2177,W48,2024,1326.0
Product 2177,W49,2024,1872.0
Product 2181,W47,2024,1716.0
Product 2182,W49,2024,53.0
Product 2185,W49,2024,546.0
Product 2189,W39,2024,468.0
Product 22,W47,2024,43.2
Product 2203,W49,2024,546.0
Product 2205,W44,2024,294.0
Product 2205,W45,2024,296.0
Product 2213,W39,2024,390.0
Product 2215,W39,2024,312.0
Product 2217,W48,2024,48.0
Product 222,W48,2024,751.68
Product 222,W49,2024,25.92
Product 2221,W39,2024,78.0
Product 2221,W44,2024,468.0
Product 2221,W45,2024,312.0
Product 2225,W39,2024,156.0
Product 2225,W48,2024,1638.0
Product 2226,W45,2024,312.0
Product 2226,W47,2024,78.0
Product 2226,W48,2024,78.0
Product 2228,W39,2024,78.0
Product 2232,W39,2024,468.0
Product 2232,W44,2024,546.0
Product 2232,W45,2024,312.0
Product 2241,W47,2024,1404.0
Product 2260,W39,2024,576.0
Product 2274,W41,2024,234.0
Product 2275,W48,2024,36.0
Product 2277,W41,2024,624.0
Product 2292,W49,2024,8.5
Product 23,W47,2024,49.2
Product 23,W49,2024,1632.0
Product 2307,W41,2024,53.0
Product 2315,W47,2024,72.0
Product 2316,W41,2024,1296.0
Product 2321,W41,2024,72.0
Product 2321,W47,2024,1512.0
Product 2321,W48,2024,591.0
Product 2321,W49,2024,360.0
Product 2322,W45,2024,12.0
Product 2323,W39,2024,144.0
Product 2323,W41,2024,1368.0
Product 2323,W47,2024,3672.0
Product 2323,W48,2024,72.0
Product 2323,W49,2024,72.0
Product 2325,W47,2024,144.0
Product 2342,W45,2024,7.56
Product 235,W39,2024,5339.5199999999995
Product 235,W41,2024,4147.2
Product 235,W44,2024,4147.2
Product 235,W45,2024,4147.2
Product 235,W47,2024,4147.2
Product 235,W48,2024,1969.92
Product 235,W49,2024,1969.92
Product 2386,W47,2024,390.0
Product 2387,W39,2024,234.0
Product 2387,W41,2024,234.0
Product 2387,W44,2024,234.0
Product 2387,W45,2024,234.0
Product 2387,W47,2024,234.0
Product 2387,W48,2024,234.0
Product 2387,W49,2024,234.0
Product 239,W44,2024,132.0
Product 239,W45,2024,1716.0
Product 24,W45,2024,96.0
Product 240,W44,2024,264.0
Product 240,W45,2024,396.0
Product 240,W49,2024,792.0
Product 2402,W39,2024,94.0
Product 2402,W41,2024,78.0
Product 2402,W44,2024,78.0
Product 241,W44,2024,7084.0
Product 241,W45,2024,1056.0
Product 2417,W48,2024,30.0
Product 242,W45,2024,924.0
Product 2424,W47,2024,86.4
Product 2424,W48,2024,86.4
Product 2424,W49,2024,86.4
Product 246,W48,2024,933.12
Product 247,W48,2024,777.6
Product 26,W44,2024,192.0
Product 26,W45,2024,192.0
Product 260,W39,2024,176.04000000000002
Product 260,W41,2024,176.04000000000002
Product 260,W44,2024,176.04000000000002
Product 260,W45,2024,176.04000000000002
Product 260,W47,2024,176.04000000000002
Product 267,W39,2024,544.32
Product 267,W41,2024,544.32
Product 267,W44,2024,544.32
Product 267,W45,2024,544.32
Product 267,W47,2024,544.32
Product 267,W48,2024,544.32
Product 267,W49,2024,544.32
Product 268,W39,2024,544.32
Product 268,W41,2024,544.32
Product 268,W44,2024,544.32
Product 268,W45,2024,544.32
Product 268,W47,2024,544.32
Product 268,W48,2024,544.32
Product 268,W49,2024,544.32
Product 269,W39,2024,50.400000000000006
Product 269,W41,2024,1440.18
Product 269,W44,2024,1440.18
Product 269,W45,2024,1440.18
Product 269,W47,2024,1440.18
Product 269,W48,2024,1440.18
Product 269,W49,2024,1440.18
Product 270,W39,2024,11.34
Product 270,W41,2024,1368.36
Product 270,W44,2024,268.38
Product 270,W45,2024,268.38
Product 270,W47,2024,268.38
Product 270,W48,2024,268.38
Product 270,W49,2024,268.38
Product 271,W39,2024,895.86
Product 271,W41,2024,895.86
Product 271,W44,2024,895.86
Product 271,W45,2024,895.86
Product 271,W47,2024,895.86
Product 271,W48,2024,895.86
Product 271,W49,2024,895.86
Product 272,W39,2024,544.32
Product 272,W41,2024,544.32
Product 272,W44,2024,544.32
Product 272,W45,2024,544.32
Product 272,W47,2024,544.32
Product 272,W48,2024,544.32
Product 272,W49,2024,544.32
Product 273,W39,2024,94.5
Product 273,W41,2024,246.96
Product 273,W44,2024,246.95999999999998
Product 273,W45,2024,246.95999999999998
Product 273,W47,2024,246.96
Product 273,W48,2024,246.96
Product 273,W49,2024,246.96
Product 274,W39,2024,6.3
Product 274,W41,2024,544.3199999999999
Product 274,W44,2024,302.4
Product 274,W45,2024,302.4
Product 274,W47,2024,302.4
Product 274,W48,2024,302.4
Product 274,W49,2024,302.4
Product 277,W39,2024,5670.0
Product 277,W41,2024,5670.0
Product 277,W44,2024,5670.0
Product 277,W45,2024,3628.8
Product 277,W47,2024,1995.84
Product 278,W39,2024,7277.76
Product 278,W41,2024,7277.76
Product 278,W44,2024,7277.76
Product 278,W45,2024,7277.76
Product 278,W47,2024,7277.76
Product 278,W48,2024,5523.84
Product 278,W49,2024,5463.360000000001
Product 279,W39,2024,4234.9800000000005
Product 279,W41,2024,4234.9800000000005
Product 279,W44,2024,4234.9800000000005
Product 279,W45,2024,4234.9800000000005
Product 279,W47,2024,1646.7
Product 279,W48,2024,4234.9800000000005
Product 279,W49,2024,5623.38
Product 280,W39,2024,297.3599999999998
Product 281,W49,2024,9979.2
Product 286,W47,2024,101.52000000000001
Product 286,W49,2024,51.84
Product 295,W39,2024,329.4
Product 295,W41,2024,329.4
Product 295,W44,2024,329.4
Product 295,W45,2024,329.4
Product 295,W47,2024,22.68
Product 295,W48,2024,22.68
Product 295,W49,2024,22.68
Product 297,W39,2024,155.52
Product 297,W47,2024,1192.32
Product 297,W48,2024,103.68
Product 304,W39,2024,103.68
Product 31,W45,2024,192.0
Product 311,W39,2024,1188.0
Product 311,W41,2024,1188.0
Product 311,W44,2024,1188.0
Product 311,W45,2024,1188.0
Product 311,W47,2024,572.4
Product 311,W48,2024,1188.0
Product 311,W49,2024,1188.0
Product 315,W39,2024,1762.56
Product 315,W41,2024,1140.48
Product 315,W44,2024,1140.48
Product 315,W45,2024,1140.48
Product 315,W47,2024,41.04
Product 315,W48,2024,1140.48
Product 315,W49,2024,1140.48
Product 325,W39,2024,1188.0
Product 325,W41,2024,1188.0
Product 325,W44,2024,1188.0
Product 325,W45,2024,1188.0
Product 325,W47,2024,1188.0
Product 325,W48,2024,1188.0
Product 325,W49,2024,1188.0
Product 326,W39,2024,1578.96
Product 326,W41,2024,1164.24
Product 326,W44,2024,1164.24
Product 326,W45,2024,1164.24
Product 326,W47,2024,1786.3200000000002
Product 326,W48,2024,1164.24
Product 326,W49,2024,1164.24
Product 327,W44,2024,259.2
Product 327,W45,2024,259.2
Product 327,W47,2024,259.2
Product 327,W48,2024,259.2
Product 327,W49,2024,259.2
Product 328,W44,2024,259.2
Product 328,W45,2024,259.2
Product 328,W47,2024,259.2
Product 328,W48,2024,259.2
Product 328,W49,2024,259.2
Product 329,W44,2024,259.2
Product 329,W45,2024,259.2
Product 329,W47,2024,259.2
Product 329,W48,2024,259.2
Product 329,W49,2024,259.2
Product 330,W44,2024,259.2
Product 330,W45,2024,259.2
Product 330,W47,2024,259.2
Product 330,W48,2024,259.2
Product 330,W49,2024,259.2
Product 340,W44,2024,907.2
Product 340,W45,2024,483.84
Product 340,W47,2024,483.84
Product 340,W48,2024,483.84
Product 340,W49,2024,483.84
Product 341,W44,2024,1149.12
Product 341,W45,2024,1028.16
Product 341,W47,2024,1028.16
Product 341,W48,2024,1028.16
Product 341,W49,2024,1028.16
Product 342,W44,2024,423.36
Product 342,W45,2024,302.4
Product 342,W47,2024,302.4
Product 342,W48,2024,302.4
Product 342,W49,2024,302.4
Product 343,W44,2024,423.36
Product 343,W45,2024,302.4
Product 343,W47,2024,302.4
Product 343,W48,2024,302.4
Product 343,W49,2024,302.4
Product 347,W39,2024,6226.92
Product 347,W41,2024,5889.240000000001
Product 347,W44,2024,5889.240000000001
Product 347,W45,2024,5889.240000000001
Product 347,W47,2024,3772.44
Product 347,W48,2024,6917.400000000001
Product 347,W49,2024,5889.240000000001
Product 348,W39,2024,2318.4
Product 348,W44,2024,120.96
Product 348,W45,2024,181.44
Product 348,W48,2024,181.44
Product 35,W47,2024,96.0
Product 355,W48,2024,777.6
Product 356,W39,2024,1291.68
Product 356,W41,2024,1188.0
Product 356,W44,2024,1188.0
Product 356,W45,2024,2587.6800000000003
Product 361,W47,2024,984.96
Product 362,W47,2024,2073.6
Product 362,W48,2024,518.4
Product 365,W45,2024,881.28
Product 366,W45,2024,673.92
Product 366,W48,2024,51.84
Product 367,W47,2024,311.04
Product 367,W48,2024,155.52
Product 368,W45,2024,518.4
Product 368,W47,2024,984.96
Product 368,W48,2024,518.4
Product 378,W47,2024,51.84000000000003
Product 38,W44,2024,480.0
Product 38,W45,2024,480.0
Product 380,W47,2024,1710.7199999999998
Product 380,W48,2024,51.84
Product 394,W39,2024,544.32
Product 394,W41,2024,544.32
Product 394,W44,2024,544.32
Product 394,W45,2024,544.32
Product 394,W47,2024,544.32
Product 394,W48,2024,544.32
Product 394,W49,2024,544.32
Product 41,W44,2024,192.0
Product 41,W45,2024,192.0
Product 411,W41,2024,311.04
Product 431,W49,2024,1391.04
Product 44,W44,2024,192.0
Product 44,W45,2024,480.0
Product 455,W47,2024,103.6799999999998
Product 459,W48,2024,786.24
Product 459,W49,2024,1512.0
Product 460,W48,2024,544.32
Product 460,W49,2024,544.32
Product 461,W48,2024,120.96
Product 461,W49,2024,1512.0
Product 462,W48,2024,544.32
Product 462,W49,2024,120.96
Product 471,W39,2024,1607.04
Product 471,W41,2024,1607.04
Product 471,W44,2024,1607.04
Product 471,W45,2024,1607.04
Product 471,W47,2024,1607.04
Product 471,W48,2024,1607.04
Product 471,W49,2024,1607.04
Product 477,W45,2024,230.4
Product 477,W48,2024,167.04
Product 477,W49,2024,38.4
Product 490,W49,2024,311.04
Product 498,W47,2024,423.36
Product 498,W49,2024,181.44
Product 50,W44,2024,288.0
Product 50,W45,2024,96.0
Product 503,W47,2024,83.16
Product 504,W48,2024,540.0
Product 505,W39,2024,60.0
Product 505,W49,2024,540.0
Product 506,W47,2024,240.0
Product 507,W41,2024,660.0
Product 507,W44,2024,720.0
Product 507,W45,2024,720.0
Product 507,W47,2024,660.0
Product 507,W48,2024,1320.0
Product 507,W49,2024,960.0
Product 508,W39,2024,720.0
Product 509,W41,2024,120.0
Product 509,W47,2024,1020.0
Product 51,W44,2024,960.0
Product 51,W45,2024,960.0
Product 510,W45,2024,99.6
Product 513,W47,2024,341.2
Product 516,W44,2024,1416.2399999999998
Product 516,W45,2024,846.72
Product 516,W48,2024,1693.4399999999998
Product 517,W39,2024,967.68
Product 517,W41,2024,967.68
Product 517,W44,2024,967.68
Product 517,W45,2024,967.68
Product 517,W47,2024,967.68
Product 517,W48,2024,967.68
Product 517,W49,2024,967.68
Product 519,W47,2024,181.44
Product 525,W41,2024,43.19999999999999
Product 533,W39,2024,432.0
Product 533,W41,2024,432.0
Product 533,W44,2024,432.0
Product 533,W45,2024,432.0
Product 533,W47,2024,432.0
Product 533,W48,2024,432.0
Product 533,W49,2024,432.0
Product 544,W47,2024,215.04
Product 547,W47,2024,53.76
Product 548,W47,2024,107.52
Product 549,W47,2024,107.52
Product 55,W44,2024,96.0
Product 55,W45,2024,672.0
Product 550,W47,2024,53.76
Product 551,W47,2024,161.28
Product 551,W48,2024,53.76
Product 553,W47,2024,215.04
Product 554,W47,2024,53.76
Product 554,W48,2024,53.76
Product 555,W47,2024,107.52
Product 555,W49,2024,74.24
Product 556,W47,2024,510.08
Product 556,W48,2024,91.52
Product 556,W49,2024,91.52
Product 557,W47,2024,316.15999999999997
Product 557,W48,2024,215.04
Product 557,W49,2024,268.8
Product 558,W47,2024,483.84000000000003
Product 558,W48,2024,107.52
Product 558,W49,2024,199.04
Product 559,W47,2024,537.6
Product 559,W48,2024,107.52
Product 559,W49,2024,107.52
Product 560,W47,2024,268.8
Product 560,W48,2024,107.52
Product 561,W47,2024,268.8
Product 561,W48,2024,161.28
Product 561,W49,2024,372.48
Product 562,W47,2024,107.52
Product 563,W47,2024,107.52
Product 564,W47,2024,107.52
Product 566,W48,2024,53.76
Product 572,W45,2024,423.36
Product 573,W45,2024,181.44
Product 574,W45,2024,544.32
Product 575,W48,2024,544.3199999999999
Product 575,W49,2024,60.48
Product 576,W45,2024,544.3199999999999
Product 577,W45,2024,544.32
Product 58,W39,2024,898.5600000000001
Product 58,W41,2024,898.5600000000001
Product 58,W44,2024,898.5600000000001
Product 58,W45,2024,345.6
Product 58,W47,2024,2350.08
Product 58,W48,2024,2350.08
Product 58,W49,2024,276.48
Product 582,W45,2024,362.88
Product 583,W45,2024,60.48
Product 584,W47,2024,302.4
Product 584,W48,2024,60.48
Product 584,W49,2024,60.48
Product 592,W45,2024,60.48
Product 594,W45,2024,483.84000000000003
Product 596,W39,2024,30.0
Product 596,W41,2024,30.0
Product 596,W44,2024,30.0
Product 596,W45,2024,30.0
Product 596,W47,2024,30.0
Product 596,W48,2024,30.0
Product 596,W49,2024,30.0
Product 599,W45,2024,5.0
Product 603,W45,2024,52.5
Product 612,W39,2024,80.0
Product 612,W41,2024,80.0
Product 612,W44,2024,17.5
Product 612,W45,2024,80.0
Product 612,W47,2024,80.0
Product 612,W48,2024,80.0
Product 612,W49,2024,80.0
Product 613,W47,2024,10.0
Product 614,W45,2024,12.0
Product 618,W49,2024,27.0
Product 620,W45,2024,23.5
Product 622,W45,2024,60.0
Product 63,W47,2024,207.36
Product 63,W49,2024,86.4
Product 631,W45,2024,60.0
Product 639,W48,2024,1.76
Product 660,W48,2024,1.0
Product 663,W48,2024,2.0
Product 67,W39,2024,276.48
Product 67,W41,2024,276.48
Product 67,W44,2024,276.48
Product 67,W45,2024,276.48
Product 67,W47,2024,276.48
Product 67,W48,2024,276.48
Product 67,W49,2024,276.48
Product 676,W47,2024,0.36
Product 686,W47,2024,0.936
Product 697,W45,2024,1.008
Product 698,W45,2024,1.584
Product 708,W45,2024,86.4
Product 710,W45,2024,1080.0
Product 712,W45,2024,561.6
Product 712,W47,2024,561.6
Product 712,W48,2024,561.6
Product 712,W49,2024,561.6
Product 718,W48,2024,171.36
Product 72,W39,2024,827.52
Product 72,W41,2024,827.52
Product 72,W44,2024,827.52
Product 72,W45,2024,827.52
Product 72,W47,2024,827.52
Product 72,W48,2024,689.28
Product 72,W49,2024,689.28
Product 722,W48,2024,665.28
Product 729,W47,2024,120.0
Product 744,W39,2024,264.0
Product 744,W41,2024,264.0
Product 744,W44,2024,264.0
Product 744,W45,2024,264.0
Product 744,W47,2024,264.0
Product 744,W48,2024,264.0
Product 744,W49,2024,264.0
Product 745,W47,2024,60.0
Product 749,W48,2024,279.6
Product 749,W49,2024,69.6
Product 761,W39,2024,234.0
Product 772,W47,2024,936.0
Product 772,W48,2024,468.0
Product 774,W39,2024,624.0
Product 774,W47,2024,1248.0
Product 774,W48,2024,78.0
Product 777,W44,2024,234.0
Product 78,W48,2024,4700.16
Product 78,W49,2024,3870.72
Product 781,W41,2024,624.0
Product 784,W47,2024,1482.0
Product 795,W39,2024,755.0
Product 795,W41,2024,755.0
Product 795,W44,2024,755.0
Product 795,W45,2024,755.0
Product 795,W47,2024,911.0
Product 795,W48,2024,754.0
Product 795,W49,2024,755.0
Product 798,W47,2024,234.0
Product 803,W48,2024,1716.0
Product 819,W48,2024,1446.48
Product 822,W39,2024,1330.56
Product 822,W41,2024,1209.6
Product 822,W44,2024,1209.6
Product 822,W45,2024,1209.6
Product 822,W47,2024,1209.6
Product 822,W48,2024,1209.6
Product 822,W49,2024,1209.6
Product 825,W48,2024,1391.04
Product 83,W41,2024,933.12
Product 834,W39,2024,720.0
Product 834,W41,2024,720.0
Product 834,W44,2024,720.0
Product 834,W45,2024,720.0
Product 834,W47,2024,720.0
Product 834,W48,2024,720.0
Product 834,W49,2024,720.0
Product 839,W39,2024,993.6
Product 839,W41,2024,993.6
Product 839,W44,2024,993.6
Product 839,W45,2024,993.6
Product 839,W47,2024,993.6
Product 839,W48,2024,993.6
Product 839,W49,2024,993.6
Product 841,W49,2024,1080.0
Product 842,W47,2024,216.0
Product 842,W48,2024,43.2
Product 842,W49,2024,43.2
Product 843,W48,2024,345.6
Product 843,W49,2024,345.6
Product 846,W47,2024,1123.2
Product 847,W47,2024,1036.8
Product 848,W39,2024,420.0
Product 848,W41,2024,420.0
Product 848,W44,2024,420.0
Product 848,W45,2024,420.0
Product 848,W47,2024,420.0
Product 848,W48,2024,420.0
Product 848,W49,2024,420.0
Product 85,W41,2024,1036.8
Product 855,W47,2024,60.0
Product 870,W44,2024,639.6
Product 871,W39,2024,780.0
Product 872,W39,2024,720.0
Product 872,W41,2024,720.0
Product 872,W44,2024,720.0
Product 872,W45,2024,720.0
Product 872,W47,2024,720.0
Product 872,W48,2024,720.0
Product 872,W49,2024,720.0
Product 879,W44,2024,600.0
Product 892,W39,2024,41.998
Product 892,W41,2024,41.998
Product 892,W44,2024,41.998
Product 892,W45,2024,41.998
Product 892,W47,2024,41.998
Product 892,W48,2024,41.998
Product 892,W49,2024,41.998
Product 896,W39,2024,133.96
Product 896,W41,2024,133.96
Product 896,W44,2024,154.36
Product 896,W45,2024,154.36
Product 896,W47,2024,154.35999999999999
Product 896,W48,2024,154.35999999999999
Product 896,W49,2024,154.36
Product 903,W48,2024,0.9
Product 904,W45,2024,7948.8
Product 904,W47,2024,1339.2
Product 904,W48,2024,1493.28
Product 904,W49,2024,1493.28
Product 905,W41,2024,1166.4
Product 905,W45,2024,2449.44
Product 905,W47,2024,2030.4
Product 905,W48,2024,648.0
Product 905,W49,2024,43.2
Product 908,W39,2024,734.4
Product 908,W41,2024,734.4
Product 908,W47,2024,734.4
Product 908,W48,2024,691.2
Product 908,W49,2024,815.0400000000001
Product 914,W48,2024,115.2
Product 914,W49,2024,115.2
Product 940,W47,2024,388.8
Product 940,W48,2024,432.0
Product 940,W49,2024,432.0
Product 941,W49,2024,1382.4
Product 942,W47,2024,345.6
Product 942,W48,2024,345.6
Product 942,W49,2024,820.8
Product 943,W47,2024,1209.6
Product 943,W48,2024,1209.6
Product 943,W49,2024,1209.6
Product 944,W47,2024,432.0
Product 944,W48,2024,345.6
Product 944,W49,2024,345.6
Product 945,W47,2024,475.2
Product 945,W48,2024,734.4000000000001
Product 945,W49,2024,1339.2
Product 955,W39,2024,2289.6
Product 955,W41,2024,2289.6
Product 955,W44,2024,2289.6
Product 955,W45,2024,2289.6
Product 955,W47,2024,302.4
Product 955,W48,2024,302.4
Product 955,W49,2024,302.4
Product 956,W39,2024,1512.0
Product 956,W41,2024,1512.0
Product 956,W44,2024,1512.0
Product 956,W45,2024,1512.0
Product 956,W47,2024,345.6
Product 956,W48,2024,345.6
Product 956,W49,2024,345.6
Product 957,W39,2024,2160.0
Product 957,W41,2024,2160.0
Product 957,W44,2024,2160.0
Product 957,W45,2024,2160.0
Product 957,W48,2024,302.4
Product 957,W49,2024,302.4
Product 958,W39,2024,1555.2
Product 958,W41,2024,1555.2
Product 958,W44,2024,1555.2
Product 958,W45,2024,1555.2
Product 958,W48,2024,1468.8000000000002
Product 958,W49,2024,1468.8000000000002
Product 960,W41,2024,972.0
Product 960,W44,2024,972.0
Product 960,W45,2024,972.0
Product 960,W47,2024,36.72
Product 960,W48,2024,972.0
Product 960,W49,2024,972.0
Product 962,W39,2024,1004.4
Product 962,W41,2024,1004.4
Product 962,W44,2024,32.4
Product 962,W45,2024,766.8
Product 962,W47,2024,32.4
Product 962,W48,2024,32.4
Product 962,W49,2024,32.4
Product 964,W39,2024,388.8
Product 966,W41,2024,259.2
Product 969,W48,2024,7300.8
Product 969,W49,2024,12657.6
Product 970,W48,2024,691.2
Product 970,W49,2024,1425.6
Product 974,W47,2024,43.2
Product 974,W48,2024,112.32
Product 974,W49,2024,112.32
Product 975,W47,2024,86.4
Product 981,W41,2024,388.8
Product 981,W48,2024,216.0
Product 983,W47,2024,2894.4
Product 983,W48,2024,518.4
Product 984,W47,2024,3801.6000000000004
Product 986,W48,2024,43.2
Product 990,W47,2024,1036.8
Product 990,W48,2024,1036.8
Product 990,W49,2024,1036.8
Product 995,W41,2024,216.0
Product 996,W39,2024,1900.8
Product 996,W41,2024,1900.8
Product 996,W47,2024,1900.8
Product 996,W48,2024,1900.8
Product 996,W49,2024,1900.8
